2025-07-04 10:22:58,845 - INFO - === Starting new sender session ===
2025-07-04 10:22:58,845 - INFO - Starting video sender...
2025-07-04 10:22:58,846 - INFO - Streaming test_video.mp4 to 127.0.0.1:5005
2025-07-04 10:22:58,846 - INFO - Press Ctrl+C to stop
2025-07-04 10:22:58,846 - ERROR - Error: Video file not found at test_video.mp4
2025-07-04 10:47:08,329 - INFO - === Starting new sender session ===
2025-07-04 10:47:08,329 - INFO - Starting video sender...
2025-07-04 10:47:08,329 - INFO - Streaming test_video.mp4 to 127.0.0.1:5005
2025-07-04 10:47:08,329 - INFO - Press Ctrl+C to stop
2025-07-04 10:47:08,329 - ERROR - Error: Video file not found at test_video.mp4
2025-07-24 16:59:17,336 - INFO - === Starting new sender session ===
2025-07-24 16:59:17,337 - INFO - Starting video sender...
2025-07-24 16:59:17,337 - INFO - Streaming test_video.mp4 to 127.0.0.1:5005
2025-07-24 16:59:17,337 - INFO - Press Ctrl+C to stop
2025-07-24 16:59:17,337 - ERROR - Error: Video file not found at test_video.mp4
2025-07-24 17:00:50,494 - INFO - === Starting new sender session ===
2025-07-24 17:00:50,494 - INFO - Starting video sender...
2025-07-24 17:00:50,494 - INFO - Streaming test_video.mp4 to 127.0.0.1:5005
2025-07-24 17:00:50,494 - INFO - Press Ctrl+C to stop
2025-07-24 17:00:50,536 - INFO - Starting video stream from test_video.mp4
2025-07-24 17:00:50,537 - INFO - Sending to 127.0.0.1:5005
2025-07-24 17:00:50,571 - INFO - Frame 0: Sending 69 packets, total size 94493 bytes
2025-07-24 17:00:50,571 - INFO - Sent start of frame 0, total packets: 69
2025-07-24 17:00:50,653 - INFO - Sent end of frame 0, packet 68/68
2025-07-24 17:00:50,700 - INFO - Frame 1: Sending 67 packets, total size 92956 bytes
2025-07-24 17:00:50,700 - INFO - Sent start of frame 1, total packets: 67
2025-07-24 17:00:50,781 - INFO - Sent end of frame 1, packet 66/66
2025-07-24 17:00:50,825 - INFO - Frame 2: Sending 68 packets, total size 93132 bytes
2025-07-24 17:00:50,825 - INFO - Sent start of frame 2, total packets: 68
2025-07-24 17:00:50,909 - INFO - Sent end of frame 2, packet 67/67
2025-07-24 17:00:50,957 - INFO - Frame 3: Sending 68 packets, total size 93147 bytes
2025-07-24 17:00:50,957 - INFO - Sent start of frame 3, total packets: 68
2025-07-24 17:00:51,042 - INFO - Sent end of frame 3, packet 67/67
2025-07-24 17:00:51,086 - INFO - Frame 4: Sending 69 packets, total size 94667 bytes
2025-07-24 17:00:51,086 - INFO - Sent start of frame 4, total packets: 69
2025-07-24 17:00:51,170 - INFO - Sent end of frame 4, packet 68/68
2025-07-24 17:00:51,211 - INFO - Frame 5: Sending 68 packets, total size 93158 bytes
2025-07-24 17:00:51,211 - INFO - Sent start of frame 5, total packets: 68
2025-07-24 17:00:51,292 - INFO - Sent end of frame 5, packet 67/67
2025-07-24 17:00:51,337 - INFO - Frame 6: Sending 68 packets, total size 93527 bytes
2025-07-24 17:00:51,337 - INFO - Sent start of frame 6, total packets: 68
2025-07-24 17:00:51,420 - INFO - Sent end of frame 6, packet 67/67
2025-07-24 17:00:51,460 - INFO - Frame 7: Sending 68 packets, total size 93366 bytes
2025-07-24 17:00:51,461 - INFO - Sent start of frame 7, total packets: 68
2025-07-24 17:00:51,542 - INFO - Sent end of frame 7, packet 67/67
2025-07-24 17:00:51,586 - INFO - Frame 8: Sending 69 packets, total size 95007 bytes
2025-07-24 17:00:51,586 - INFO - Sent start of frame 8, total packets: 69
2025-07-24 17:00:51,669 - INFO - Sent end of frame 8, packet 68/68
2025-07-24 17:00:51,712 - INFO - Frame 9: Sending 68 packets, total size 93477 bytes
2025-07-24 17:00:51,713 - INFO - Sent start of frame 9, total packets: 68
2025-07-24 17:00:51,795 - INFO - Sent end of frame 9, packet 67/67
2025-07-24 17:00:51,840 - INFO - Frame 10: Sending 68 packets, total size 93848 bytes
2025-07-24 17:00:51,841 - INFO - Sent start of frame 10, total packets: 68
2025-07-24 17:00:51,924 - INFO - Sent end of frame 10, packet 67/67
2025-07-24 17:00:51,969 - INFO - Frame 11: Sending 68 packets, total size 93970 bytes
2025-07-24 17:00:51,969 - INFO - Sent start of frame 11, total packets: 68
2025-07-24 17:00:52,051 - INFO - Sent end of frame 11, packet 67/67
2025-07-24 17:00:52,093 - INFO - Frame 12: Sending 69 packets, total size 95474 bytes
2025-07-24 17:00:52,094 - INFO - Sent start of frame 12, total packets: 69
2025-07-24 17:00:52,176 - INFO - Sent end of frame 12, packet 68/68
2025-07-24 17:00:52,220 - INFO - Frame 13: Sending 68 packets, total size 93833 bytes
2025-07-24 17:00:52,220 - INFO - Sent start of frame 13, total packets: 68
2025-07-24 17:00:52,303 - INFO - Sent end of frame 13, packet 67/67
2025-07-24 17:00:52,347 - INFO - Frame 14: Sending 69 packets, total size 94598 bytes
2025-07-24 17:00:52,348 - INFO - Sent start of frame 14, total packets: 69
2025-07-24 17:00:52,428 - INFO - Sent end of frame 14, packet 68/68
2025-07-24 17:00:52,472 - INFO - Frame 15: Sending 69 packets, total size 94386 bytes
2025-07-24 17:00:52,472 - INFO - Sent start of frame 15, total packets: 69
2025-07-24 17:00:52,556 - INFO - Sent end of frame 15, packet 68/68
2025-07-24 17:00:52,600 - INFO - Frame 16: Sending 70 packets, total size 95828 bytes
2025-07-24 17:00:52,600 - INFO - Sent start of frame 16, total packets: 70
2025-07-24 17:00:52,683 - INFO - Sent end of frame 16, packet 69/69
2025-07-24 17:00:52,727 - INFO - Frame 17: Sending 68 packets, total size 94336 bytes
2025-07-24 17:00:52,727 - INFO - Sent start of frame 17, total packets: 68
2025-07-24 17:00:52,807 - INFO - Sent end of frame 17, packet 67/67
2025-07-24 17:00:52,850 - INFO - Frame 18: Sending 69 packets, total size 94666 bytes
2025-07-24 17:00:52,850 - INFO - Sent start of frame 18, total packets: 69
2025-07-24 17:00:52,932 - INFO - Sent end of frame 18, packet 68/68
2025-07-24 17:00:52,975 - INFO - Frame 19: Sending 69 packets, total size 94411 bytes
2025-07-24 17:00:52,975 - INFO - Sent start of frame 19, total packets: 69
2025-07-24 17:00:53,061 - INFO - Sent end of frame 19, packet 68/68
2025-07-24 17:00:53,103 - INFO - Frame 20: Sending 70 packets, total size 96236 bytes
2025-07-24 17:00:53,104 - INFO - Sent start of frame 20, total packets: 70
2025-07-24 17:00:53,187 - INFO - Sent end of frame 20, packet 69/69
2025-07-24 17:00:53,227 - INFO - Frame 21: Sending 69 packets, total size 94570 bytes
2025-07-24 17:00:53,227 - INFO - Sent start of frame 21, total packets: 69
2025-07-24 17:00:53,308 - INFO - Sent end of frame 21, packet 68/68
2025-07-24 17:00:53,352 - INFO - Frame 22: Sending 69 packets, total size 94916 bytes
2025-07-24 17:00:53,352 - INFO - Sent start of frame 22, total packets: 69
2025-07-24 17:00:53,436 - INFO - Sent end of frame 22, packet 68/68
2025-07-24 17:00:53,479 - INFO - Frame 23: Sending 69 packets, total size 94809 bytes
2025-07-24 17:00:53,480 - INFO - Sent start of frame 23, total packets: 69
2025-07-24 17:00:53,561 - INFO - Sent end of frame 23, packet 68/68
2025-07-24 17:00:53,606 - INFO - Frame 24: Sending 70 packets, total size 96397 bytes
2025-07-24 17:00:53,606 - INFO - Sent start of frame 24, total packets: 70
2025-07-24 17:00:53,691 - INFO - Sent end of frame 24, packet 69/69
2025-07-24 17:00:53,735 - INFO - Frame 25: Sending 69 packets, total size 94760 bytes
2025-07-24 17:00:53,735 - INFO - Sent start of frame 25, total packets: 69
2025-07-24 17:00:53,817 - INFO - Sent end of frame 25, packet 68/68
2025-07-24 17:00:53,859 - INFO - Frame 26: Sending 69 packets, total size 95027 bytes
2025-07-24 17:00:53,859 - INFO - Sent start of frame 26, total packets: 69
2025-07-24 17:00:53,941 - INFO - Sent end of frame 26, packet 68/68
2025-07-24 17:00:53,983 - INFO - Frame 27: Sending 69 packets, total size 94748 bytes
2025-07-24 17:00:53,984 - INFO - Sent start of frame 27, total packets: 69
2025-07-24 17:00:54,065 - INFO - Sent end of frame 27, packet 68/68
2025-07-24 17:00:54,109 - INFO - Frame 28: Sending 70 packets, total size 96578 bytes
2025-07-24 17:00:54,109 - INFO - Sent start of frame 28, total packets: 70
2025-07-24 17:00:54,192 - INFO - Sent end of frame 28, packet 69/69
2025-07-24 17:00:54,236 - INFO - Frame 29: Sending 69 packets, total size 94906 bytes
2025-07-24 17:00:54,236 - INFO - Sent start of frame 29, total packets: 69
2025-07-24 17:00:54,319 - INFO - Sent end of frame 29, packet 68/68
2025-07-24 17:00:54,360 - INFO - Frame 30: Sending 69 packets, total size 95342 bytes
2025-07-24 17:00:54,360 - INFO - Sent start of frame 30, total packets: 69
2025-07-24 17:00:54,442 - INFO - Sent end of frame 30, packet 68/68
2025-07-24 17:00:54,486 - INFO - Frame 31: Sending 69 packets, total size 95146 bytes
2025-07-24 17:00:54,486 - INFO - Sent start of frame 31, total packets: 69
2025-07-24 17:00:54,568 - INFO - Sent end of frame 31, packet 68/68
2025-07-24 17:00:54,611 - INFO - Frame 32: Sending 70 packets, total size 96764 bytes
2025-07-24 17:00:54,611 - INFO - Sent start of frame 32, total packets: 70
2025-07-24 17:00:54,696 - INFO - Sent end of frame 32, packet 69/69
2025-07-24 17:00:54,737 - INFO - Frame 33: Sending 69 packets, total size 94993 bytes
2025-07-24 17:00:54,737 - INFO - Sent start of frame 33, total packets: 69
2025-07-24 17:00:54,818 - INFO - Sent end of frame 33, packet 68/68
2025-07-24 17:00:54,860 - INFO - Frame 34: Sending 69 packets, total size 95424 bytes
2025-07-24 17:00:54,860 - INFO - Sent start of frame 34, total packets: 69
2025-07-24 17:00:54,941 - INFO - Sent end of frame 34, packet 68/68
2025-07-24 17:00:54,984 - INFO - Frame 35: Sending 69 packets, total size 95279 bytes
2025-07-24 17:00:54,984 - INFO - Sent start of frame 35, total packets: 69
2025-07-24 17:00:55,106 - INFO - Sent end of frame 35, packet 68/68
2025-07-24 17:00:55,148 - INFO - Frame 36: Sending 70 packets, total size 96940 bytes
2025-07-24 17:00:55,148 - INFO - Sent start of frame 36, total packets: 70
2025-07-24 17:00:55,231 - INFO - Sent end of frame 36, packet 69/69
2025-07-24 17:00:55,274 - INFO - Frame 37: Sending 69 packets, total size 95030 bytes
2025-07-24 17:00:55,274 - INFO - Sent start of frame 37, total packets: 69
2025-07-24 17:00:55,355 - INFO - Sent end of frame 37, packet 68/68
2025-07-24 17:00:55,400 - INFO - Frame 38: Sending 69 packets, total size 95522 bytes
2025-07-24 17:00:55,400 - INFO - Sent start of frame 38, total packets: 69
2025-07-24 17:00:55,480 - INFO - Sent end of frame 38, packet 68/68
2025-07-24 17:00:55,522 - INFO - Frame 39: Sending 69 packets, total size 95203 bytes
2025-07-24 17:00:55,522 - INFO - Sent start of frame 39, total packets: 69
2025-07-24 17:00:55,604 - INFO - Sent end of frame 39, packet 68/68
2025-07-24 17:00:55,649 - INFO - Frame 40: Sending 70 packets, total size 97059 bytes
2025-07-24 17:00:55,649 - INFO - Sent start of frame 40, total packets: 70
2025-07-24 17:00:55,730 - INFO - Sent end of frame 40, packet 69/69
2025-07-24 17:00:55,774 - INFO - Frame 41: Sending 69 packets, total size 95215 bytes
2025-07-24 17:00:55,774 - INFO - Sent start of frame 41, total packets: 69
2025-07-24 17:00:55,859 - INFO - Sent end of frame 41, packet 68/68
2025-07-24 17:00:55,902 - INFO - Frame 42: Sending 69 packets, total size 95722 bytes
2025-07-24 17:00:55,903 - INFO - Sent start of frame 42, total packets: 69
2025-07-24 17:00:55,987 - INFO - Sent end of frame 42, packet 68/68
2025-07-24 17:00:56,028 - INFO - Frame 43: Sending 69 packets, total size 95676 bytes
2025-07-24 17:00:56,028 - INFO - Sent start of frame 43, total packets: 69
2025-07-24 17:00:56,111 - INFO - Sent end of frame 43, packet 68/68
2025-07-24 17:00:56,155 - INFO - Frame 44: Sending 71 packets, total size 97417 bytes
2025-07-24 17:00:56,155 - INFO - Sent start of frame 44, total packets: 71
2025-07-24 17:00:56,242 - INFO - Sent end of frame 44, packet 70/70
2025-07-24 17:00:56,285 - INFO - Frame 45: Sending 69 packets, total size 95542 bytes
2025-07-24 17:00:56,285 - INFO - Sent start of frame 45, total packets: 69
2025-07-24 17:00:56,367 - INFO - Sent end of frame 45, packet 68/68
2025-07-24 17:00:56,410 - INFO - Frame 46: Sending 70 packets, total size 95822 bytes
2025-07-24 17:00:56,410 - INFO - Sent start of frame 46, total packets: 70
2025-07-24 17:00:56,492 - INFO - Sent end of frame 46, packet 69/69
2025-07-24 17:00:56,536 - INFO - Frame 47: Sending 69 packets, total size 95623 bytes
2025-07-24 17:00:56,537 - INFO - Sent start of frame 47, total packets: 69
2025-07-24 17:00:56,619 - INFO - Sent end of frame 47, packet 68/68
2025-07-24 17:00:56,662 - INFO - Frame 48: Sending 71 packets, total size 97300 bytes
2025-07-24 17:00:56,662 - INFO - Sent start of frame 48, total packets: 71
2025-07-24 17:00:56,746 - INFO - Sent end of frame 48, packet 70/70
2025-07-24 17:00:56,789 - INFO - Frame 49: Sending 69 packets, total size 95648 bytes
2025-07-24 17:00:56,790 - INFO - Sent start of frame 49, total packets: 69
2025-07-24 17:00:56,872 - INFO - Sent end of frame 49, packet 68/68
2025-07-24 17:00:56,915 - INFO - Frame 50: Sending 70 packets, total size 95809 bytes
2025-07-24 17:00:56,915 - INFO - Sent start of frame 50, total packets: 70
2025-07-24 17:00:56,998 - INFO - Sent end of frame 50, packet 69/69
2025-07-24 17:00:57,041 - INFO - Frame 51: Sending 70 packets, total size 95900 bytes
2025-07-24 17:00:57,042 - INFO - Sent start of frame 51, total packets: 70
2025-07-24 17:00:57,125 - INFO - Sent end of frame 51, packet 69/69
2025-07-24 17:00:57,168 - INFO - Frame 52: Sending 71 packets, total size 97922 bytes
2025-07-24 17:00:57,168 - INFO - Sent start of frame 52, total packets: 71
2025-07-24 17:00:57,253 - INFO - Sent end of frame 52, packet 70/70
2025-07-24 17:00:57,297 - INFO - Frame 53: Sending 70 packets, total size 95942 bytes
2025-07-24 17:00:57,298 - INFO - Sent start of frame 53, total packets: 70
2025-07-24 17:00:57,381 - INFO - Sent end of frame 53, packet 69/69
2025-07-24 17:00:57,423 - INFO - Frame 54: Sending 70 packets, total size 96733 bytes
2025-07-24 17:00:57,423 - INFO - Sent start of frame 54, total packets: 70
2025-07-24 17:00:57,508 - INFO - Sent end of frame 54, packet 69/69
2025-07-24 17:00:57,552 - INFO - Frame 55: Sending 70 packets, total size 96387 bytes
2025-07-24 17:00:57,552 - INFO - Sent start of frame 55, total packets: 70
2025-07-24 17:00:57,637 - INFO - Sent end of frame 55, packet 69/69
2025-07-24 17:00:57,680 - INFO - Frame 56: Sending 71 packets, total size 98421 bytes
2025-07-24 17:00:57,681 - INFO - Sent start of frame 56, total packets: 71
2025-07-24 17:00:57,765 - INFO - Sent end of frame 56, packet 70/70
2025-07-24 17:00:57,809 - INFO - Frame 57: Sending 70 packets, total size 96440 bytes
2025-07-24 17:00:57,809 - INFO - Sent start of frame 57, total packets: 70
2025-07-24 17:00:57,894 - INFO - Sent end of frame 57, packet 69/69
2025-07-24 17:00:57,939 - INFO - Frame 58: Sending 70 packets, total size 96662 bytes
2025-07-24 17:00:57,940 - INFO - Sent start of frame 58, total packets: 70
2025-07-24 17:00:58,027 - INFO - Sent end of frame 58, packet 69/69
2025-07-24 17:00:58,073 - INFO - Frame 59: Sending 70 packets, total size 96335 bytes
2025-07-24 17:00:58,073 - INFO - Sent start of frame 59, total packets: 70
2025-07-24 17:00:58,159 - INFO - Sent end of frame 59, packet 69/69
2025-07-24 17:00:58,205 - INFO - Frame 60: Sending 71 packets, total size 98130 bytes
2025-07-24 17:00:58,205 - INFO - Sent start of frame 60, total packets: 71
2025-07-24 17:00:58,292 - INFO - Sent end of frame 60, packet 70/70
2025-07-24 17:00:58,337 - INFO - Frame 61: Sending 70 packets, total size 96130 bytes
2025-07-24 17:00:58,337 - INFO - Sent start of frame 61, total packets: 70
2025-07-24 17:00:58,421 - INFO - Sent end of frame 61, packet 69/69
2025-07-24 17:00:58,468 - INFO - Frame 62: Sending 70 packets, total size 96667 bytes
2025-07-24 17:00:58,468 - INFO - Sent start of frame 62, total packets: 70
2025-07-24 17:00:58,555 - INFO - Sent end of frame 62, packet 69/69
2025-07-24 17:00:58,600 - INFO - Frame 63: Sending 70 packets, total size 96449 bytes
2025-07-24 17:00:58,600 - INFO - Sent start of frame 63, total packets: 70
2025-07-24 17:00:58,685 - INFO - Sent end of frame 63, packet 69/69
2025-07-24 17:00:58,730 - INFO - Frame 64: Sending 72 packets, total size 98571 bytes
2025-07-24 17:00:58,730 - INFO - Sent start of frame 64, total packets: 72
2025-07-24 17:00:58,819 - INFO - Sent end of frame 64, packet 71/71
2025-07-24 17:00:58,863 - INFO - Frame 65: Sending 70 packets, total size 96594 bytes
2025-07-24 17:00:58,863 - INFO - Sent start of frame 65, total packets: 70
2025-07-24 17:00:58,951 - INFO - Sent end of frame 65, packet 69/69
2025-07-24 17:00:58,996 - INFO - Frame 66: Sending 70 packets, total size 96855 bytes
2025-07-24 17:00:58,996 - INFO - Sent start of frame 66, total packets: 70
2025-07-24 17:00:59,121 - INFO - Sent end of frame 66, packet 69/69
2025-07-24 17:00:59,166 - INFO - Frame 67: Sending 70 packets, total size 96776 bytes
2025-07-24 17:00:59,166 - INFO - Sent start of frame 67, total packets: 70
2025-07-24 17:00:59,253 - INFO - Sent end of frame 67, packet 69/69
2025-07-24 17:00:59,297 - INFO - Frame 68: Sending 72 packets, total size 98861 bytes
2025-07-24 17:00:59,297 - INFO - Sent start of frame 68, total packets: 72
2025-07-24 17:00:59,386 - INFO - Sent end of frame 68, packet 71/71
2025-07-24 17:00:59,428 - INFO - Frame 69: Sending 70 packets, total size 96489 bytes
2025-07-24 17:00:59,428 - INFO - Sent start of frame 69, total packets: 70
2025-07-24 17:00:59,517 - INFO - Sent end of frame 69, packet 69/69
2025-07-24 17:00:59,561 - INFO - Frame 70: Sending 70 packets, total size 97117 bytes
2025-07-24 17:00:59,561 - INFO - Sent start of frame 70, total packets: 70
2025-07-24 17:00:59,651 - INFO - Sent end of frame 70, packet 69/69
2025-07-24 17:00:59,698 - INFO - Frame 71: Sending 70 packets, total size 97032 bytes
2025-07-24 17:00:59,698 - INFO - Sent start of frame 71, total packets: 70
2025-07-24 17:00:59,787 - INFO - Sent end of frame 71, packet 69/69
2025-07-24 17:00:59,832 - INFO - Frame 72: Sending 72 packets, total size 99224 bytes
2025-07-24 17:00:59,832 - INFO - Sent start of frame 72, total packets: 72
2025-07-24 17:00:59,919 - INFO - Sent end of frame 72, packet 71/71
2025-07-24 17:00:59,962 - INFO - Frame 73: Sending 71 packets, total size 97389 bytes
2025-07-24 17:00:59,963 - INFO - Sent start of frame 73, total packets: 71
2025-07-24 17:01:00,051 - INFO - Sent end of frame 73, packet 70/70
2025-07-24 17:01:00,092 - INFO - Frame 74: Sending 71 packets, total size 97688 bytes
2025-07-24 17:01:00,093 - INFO - Sent start of frame 74, total packets: 71
2025-07-24 17:01:00,177 - INFO - Sent end of frame 74, packet 70/70
2025-07-24 17:01:00,219 - INFO - Frame 75: Sending 71 packets, total size 97287 bytes
2025-07-24 17:01:00,219 - INFO - Sent start of frame 75, total packets: 71
2025-07-24 17:01:00,305 - INFO - Sent end of frame 75, packet 70/70
2025-07-24 17:01:00,352 - INFO - Frame 76: Sending 72 packets, total size 99369 bytes
2025-07-24 17:01:00,353 - INFO - Sent start of frame 76, total packets: 72
2025-07-24 17:01:00,438 - INFO - Sent end of frame 76, packet 71/71
2025-07-24 17:01:00,482 - INFO - Frame 77: Sending 71 packets, total size 97318 bytes
2025-07-24 17:01:00,482 - INFO - Sent start of frame 77, total packets: 71
2025-07-24 17:01:00,566 - INFO - Sent end of frame 77, packet 70/70
2025-07-24 17:01:00,611 - INFO - Frame 78: Sending 71 packets, total size 98068 bytes
2025-07-24 17:01:00,612 - INFO - Sent start of frame 78, total packets: 71
2025-07-24 17:01:00,698 - INFO - Sent end of frame 78, packet 70/70
2025-07-24 17:01:00,741 - INFO - Frame 79: Sending 71 packets, total size 97733 bytes
2025-07-24 17:01:00,741 - INFO - Sent start of frame 79, total packets: 71
2025-07-24 17:01:00,825 - INFO - Sent end of frame 79, packet 70/70
2025-07-24 17:01:00,869 - INFO - Frame 80: Sending 72 packets, total size 99792 bytes
2025-07-24 17:01:00,869 - INFO - Sent start of frame 80, total packets: 72
2025-07-24 17:01:00,955 - INFO - Sent end of frame 80, packet 71/71
2025-07-24 17:01:01,000 - INFO - Frame 81: Sending 71 packets, total size 97786 bytes
2025-07-24 17:01:01,001 - INFO - Sent start of frame 81, total packets: 71
2025-07-24 17:01:01,088 - INFO - Sent end of frame 81, packet 70/70
2025-07-24 17:01:51,375 - INFO - === Starting new sender session ===
2025-07-24 17:01:51,375 - INFO - Starting video sender...
2025-07-24 17:01:51,375 - INFO - Streaming test_video.mp4 to 127.0.0.1:5005
2025-07-24 17:01:51,375 - INFO - Press Ctrl+C to stop
2025-07-24 17:01:51,401 - INFO - Starting video stream from test_video.mp4
2025-07-24 17:01:51,401 - INFO - Sending to 127.0.0.1:5005
2025-07-24 17:01:51,431 - INFO - Frame 0: Sending 69 packets, total size 94493 bytes
2025-07-24 17:01:51,431 - INFO - Sent start of frame 0, total packets: 69
2025-07-24 17:01:51,519 - INFO - Sent end of frame 0, packet 68/68
2025-07-24 17:01:51,562 - INFO - Frame 1: Sending 67 packets, total size 92956 bytes
2025-07-24 17:01:51,563 - INFO - Sent start of frame 1, total packets: 67
2025-07-24 17:01:51,646 - INFO - Sent end of frame 1, packet 66/66
2025-07-24 17:01:51,691 - INFO - Frame 2: Sending 68 packets, total size 93132 bytes
2025-07-24 17:01:51,691 - INFO - Sent start of frame 2, total packets: 68
2025-07-24 17:01:51,775 - INFO - Sent end of frame 2, packet 67/67
2025-07-24 17:01:51,819 - INFO - Frame 3: Sending 68 packets, total size 93147 bytes
2025-07-24 17:01:51,819 - INFO - Sent start of frame 3, total packets: 68
2025-07-24 17:01:51,903 - INFO - Sent end of frame 3, packet 67/67
2025-07-24 17:01:51,946 - INFO - Frame 4: Sending 69 packets, total size 94667 bytes
2025-07-24 17:01:51,947 - INFO - Sent start of frame 4, total packets: 69
2025-07-24 17:01:52,031 - INFO - Sent end of frame 4, packet 68/68
2025-07-24 17:01:52,074 - INFO - Frame 5: Sending 68 packets, total size 93158 bytes
2025-07-24 17:01:52,075 - INFO - Sent start of frame 5, total packets: 68
2025-07-24 17:01:52,156 - INFO - Sent end of frame 5, packet 67/67
2025-07-24 17:01:52,200 - INFO - Frame 6: Sending 68 packets, total size 93527 bytes
2025-07-24 17:01:52,200 - INFO - Sent start of frame 6, total packets: 68
2025-07-24 17:01:52,283 - INFO - Sent end of frame 6, packet 67/67
2025-07-24 17:01:52,325 - INFO - Frame 7: Sending 68 packets, total size 93366 bytes
2025-07-24 17:01:52,326 - INFO - Sent start of frame 7, total packets: 68
2025-07-24 17:01:52,409 - INFO - Sent end of frame 7, packet 67/67
2025-07-24 17:01:52,453 - INFO - Frame 8: Sending 69 packets, total size 95007 bytes
2025-07-24 17:01:52,454 - INFO - Sent start of frame 8, total packets: 69
2025-07-24 17:01:52,537 - INFO - Sent end of frame 8, packet 68/68
2025-07-24 17:01:52,579 - INFO - Frame 9: Sending 68 packets, total size 93477 bytes
2025-07-24 17:01:52,579 - INFO - Sent start of frame 9, total packets: 68
2025-07-24 17:01:52,660 - INFO - Sent end of frame 9, packet 67/67
2025-07-24 17:01:52,704 - INFO - Frame 10: Sending 68 packets, total size 93848 bytes
2025-07-24 17:01:52,705 - INFO - Sent start of frame 10, total packets: 68
2025-07-24 17:01:52,786 - INFO - Sent end of frame 10, packet 67/67
2025-07-24 17:01:52,830 - INFO - Frame 11: Sending 68 packets, total size 93970 bytes
2025-07-24 17:01:52,831 - INFO - Sent start of frame 11, total packets: 68
2025-07-24 17:01:52,914 - INFO - Sent end of frame 11, packet 67/67
2025-07-24 17:01:52,956 - INFO - Frame 12: Sending 69 packets, total size 95474 bytes
2025-07-24 17:01:52,956 - INFO - Sent start of frame 12, total packets: 69
2025-07-24 17:01:53,041 - INFO - Sent end of frame 12, packet 68/68
2025-07-24 17:01:53,084 - INFO - Frame 13: Sending 68 packets, total size 93833 bytes
2025-07-24 17:01:53,085 - INFO - Sent start of frame 13, total packets: 68
2025-07-24 17:01:53,168 - INFO - Sent end of frame 13, packet 67/67
2025-07-24 17:01:53,211 - INFO - Frame 14: Sending 69 packets, total size 94598 bytes
2025-07-24 17:01:53,212 - INFO - Sent start of frame 14, total packets: 69
2025-07-24 17:01:53,295 - INFO - Sent end of frame 14, packet 68/68
2025-07-24 17:01:53,340 - INFO - Frame 15: Sending 69 packets, total size 94386 bytes
2025-07-24 17:01:53,340 - INFO - Sent start of frame 15, total packets: 69
2025-07-24 17:01:53,422 - INFO - Sent end of frame 15, packet 68/68
2025-07-24 17:01:53,465 - INFO - Frame 16: Sending 70 packets, total size 95828 bytes
2025-07-24 17:01:53,465 - INFO - Sent start of frame 16, total packets: 70
2025-07-24 17:01:53,549 - INFO - Sent end of frame 16, packet 69/69
2025-07-24 17:01:53,591 - INFO - Frame 17: Sending 68 packets, total size 94336 bytes
2025-07-24 17:01:53,591 - INFO - Sent start of frame 17, total packets: 68
2025-07-24 17:01:53,673 - INFO - Sent end of frame 17, packet 67/67
2025-07-24 17:01:53,716 - INFO - Frame 18: Sending 69 packets, total size 94666 bytes
2025-07-24 17:01:53,716 - INFO - Sent start of frame 18, total packets: 69
2025-07-24 17:01:53,798 - INFO - Sent end of frame 18, packet 68/68
2025-07-24 17:01:53,841 - INFO - Frame 19: Sending 69 packets, total size 94411 bytes
2025-07-24 17:01:53,841 - INFO - Sent start of frame 19, total packets: 69
2025-07-24 17:01:53,924 - INFO - Sent end of frame 19, packet 68/68
2025-07-24 17:01:53,967 - INFO - Frame 20: Sending 70 packets, total size 96236 bytes
2025-07-24 17:01:53,968 - INFO - Sent start of frame 20, total packets: 70
2025-07-24 17:01:54,051 - INFO - Sent end of frame 20, packet 69/69
2025-07-24 17:01:54,094 - INFO - Frame 21: Sending 69 packets, total size 94570 bytes
2025-07-24 17:01:54,094 - INFO - Sent start of frame 21, total packets: 69
2025-07-24 17:01:54,178 - INFO - Sent end of frame 21, packet 68/68
2025-07-24 17:01:54,222 - INFO - Frame 22: Sending 69 packets, total size 94916 bytes
2025-07-24 17:01:54,222 - INFO - Sent start of frame 22, total packets: 69
2025-07-24 17:01:54,304 - INFO - Sent end of frame 22, packet 68/68
2025-07-24 17:01:54,347 - INFO - Frame 23: Sending 69 packets, total size 94809 bytes
2025-07-24 17:01:54,347 - INFO - Sent start of frame 23, total packets: 69
2025-07-24 17:01:54,432 - INFO - Sent end of frame 23, packet 68/68
2025-07-24 17:01:54,475 - INFO - Frame 24: Sending 70 packets, total size 96397 bytes
2025-07-24 17:01:54,475 - INFO - Sent start of frame 24, total packets: 70
2025-07-24 17:01:54,563 - INFO - Sent end of frame 24, packet 69/69
2025-07-24 17:01:54,604 - INFO - Frame 25: Sending 69 packets, total size 94760 bytes
2025-07-24 17:01:54,604 - INFO - Sent start of frame 25, total packets: 69
2025-07-24 17:01:54,689 - INFO - Sent end of frame 25, packet 68/68
2025-07-24 17:01:54,732 - INFO - Frame 26: Sending 69 packets, total size 95027 bytes
2025-07-24 17:01:54,733 - INFO - Sent start of frame 26, total packets: 69
2025-07-24 17:01:54,815 - INFO - Sent end of frame 26, packet 68/68
2025-07-24 17:01:54,857 - INFO - Frame 27: Sending 69 packets, total size 94748 bytes
2025-07-24 17:01:54,857 - INFO - Sent start of frame 27, total packets: 69
2025-07-24 17:01:54,940 - INFO - Sent end of frame 27, packet 68/68
2025-07-24 17:01:54,985 - INFO - Frame 28: Sending 70 packets, total size 96578 bytes
2025-07-24 17:01:54,985 - INFO - Sent start of frame 28, total packets: 70
2025-07-24 17:01:55,070 - INFO - Sent end of frame 28, packet 69/69
2025-07-24 17:01:55,113 - INFO - Frame 29: Sending 69 packets, total size 94906 bytes
2025-07-24 17:01:55,114 - INFO - Sent start of frame 29, total packets: 69
2025-07-24 17:01:55,196 - INFO - Sent end of frame 29, packet 68/68
2025-07-24 17:01:55,239 - INFO - Frame 30: Sending 69 packets, total size 95342 bytes
2025-07-24 17:01:55,240 - INFO - Sent start of frame 30, total packets: 69
2025-07-24 17:01:55,323 - INFO - Sent end of frame 30, packet 68/68
2025-07-24 17:01:55,367 - INFO - Frame 31: Sending 69 packets, total size 95146 bytes
2025-07-24 17:01:55,367 - INFO - Sent start of frame 31, total packets: 69
2025-07-24 17:01:55,451 - INFO - Sent end of frame 31, packet 68/68
2025-07-24 17:01:55,494 - INFO - Frame 32: Sending 70 packets, total size 96764 bytes
2025-07-24 17:01:55,494 - INFO - Sent start of frame 32, total packets: 70
2025-07-24 17:01:55,577 - INFO - Sent end of frame 32, packet 69/69
2025-07-24 17:01:55,631 - INFO - Frame 33: Sending 69 packets, total size 94993 bytes
2025-07-24 17:01:55,631 - INFO - Sent start of frame 33, total packets: 69
2025-07-24 17:01:55,715 - INFO - Sent end of frame 33, packet 68/68
2025-07-24 17:01:55,759 - INFO - Frame 34: Sending 69 packets, total size 95424 bytes
2025-07-24 17:01:55,759 - INFO - Sent start of frame 34, total packets: 69
2025-07-24 17:01:55,842 - INFO - Sent end of frame 34, packet 68/68
2025-07-24 17:01:55,887 - INFO - Frame 35: Sending 69 packets, total size 95279 bytes
2025-07-24 17:01:55,887 - INFO - Sent start of frame 35, total packets: 69
2025-07-24 17:01:55,972 - INFO - Sent end of frame 35, packet 68/68
2025-07-24 17:01:56,016 - INFO - Frame 36: Sending 70 packets, total size 96940 bytes
2025-07-24 17:01:56,016 - INFO - Sent start of frame 36, total packets: 70
2025-07-24 17:01:56,101 - INFO - Sent end of frame 36, packet 69/69
2025-07-24 17:01:56,143 - INFO - Frame 37: Sending 69 packets, total size 95030 bytes
2025-07-24 17:01:56,143 - INFO - Sent start of frame 37, total packets: 69
2025-07-24 17:01:56,226 - INFO - Sent end of frame 37, packet 68/68
2025-07-24 17:01:56,269 - INFO - Frame 38: Sending 69 packets, total size 95522 bytes
2025-07-24 17:01:56,269 - INFO - Sent start of frame 38, total packets: 69
2025-07-24 17:01:56,353 - INFO - Sent end of frame 38, packet 68/68
2025-07-24 17:01:56,397 - INFO - Frame 39: Sending 69 packets, total size 95203 bytes
2025-07-24 17:01:56,397 - INFO - Sent start of frame 39, total packets: 69
2025-07-24 17:01:56,481 - INFO - Sent end of frame 39, packet 68/68
2025-07-24 17:01:56,523 - INFO - Frame 40: Sending 70 packets, total size 97059 bytes
2025-07-24 17:01:56,523 - INFO - Sent start of frame 40, total packets: 70
2025-07-24 17:01:56,609 - INFO - Sent end of frame 40, packet 69/69
2025-07-24 17:01:56,652 - INFO - Frame 41: Sending 69 packets, total size 95215 bytes
2025-07-24 17:01:56,652 - INFO - Sent start of frame 41, total packets: 69
2025-07-24 17:01:56,736 - INFO - Sent end of frame 41, packet 68/68
2025-07-24 17:01:56,780 - INFO - Frame 42: Sending 69 packets, total size 95722 bytes
2025-07-24 17:01:56,781 - INFO - Sent start of frame 42, total packets: 69
2025-07-24 17:01:56,865 - INFO - Sent end of frame 42, packet 68/68
2025-07-24 17:01:56,909 - INFO - Frame 43: Sending 69 packets, total size 95676 bytes
2025-07-24 17:01:56,909 - INFO - Sent start of frame 43, total packets: 69
2025-07-24 17:01:56,992 - INFO - Sent end of frame 43, packet 68/68
2025-07-24 17:01:57,035 - INFO - Frame 44: Sending 71 packets, total size 97417 bytes
2025-07-24 17:01:57,036 - INFO - Sent start of frame 44, total packets: 71
2025-07-24 17:01:57,119 - INFO - Sent end of frame 44, packet 70/70
2025-07-24 17:01:57,162 - INFO - Frame 45: Sending 69 packets, total size 95542 bytes
2025-07-24 17:01:57,163 - INFO - Sent start of frame 45, total packets: 69
2025-07-24 17:01:57,241 - INFO - Sent end of frame 45, packet 68/68
2025-07-24 17:01:57,283 - INFO - Frame 46: Sending 70 packets, total size 95822 bytes
2025-07-24 17:01:57,283 - INFO - Sent start of frame 46, total packets: 70
2025-07-24 17:01:57,364 - INFO - Sent end of frame 46, packet 69/69
2025-07-24 17:01:57,411 - INFO - Frame 47: Sending 69 packets, total size 95623 bytes
2025-07-24 17:01:57,412 - INFO - Sent start of frame 47, total packets: 69
2025-07-24 17:01:57,493 - INFO - Sent end of frame 47, packet 68/68
2025-07-24 17:01:57,533 - INFO - Frame 48: Sending 71 packets, total size 97300 bytes
2025-07-24 17:01:57,533 - INFO - Sent start of frame 48, total packets: 71
2025-07-24 17:01:57,618 - INFO - Sent end of frame 48, packet 70/70
2025-07-24 17:01:57,660 - INFO - Frame 49: Sending 69 packets, total size 95648 bytes
2025-07-24 17:01:57,660 - INFO - Sent start of frame 49, total packets: 69
2025-07-24 17:01:57,741 - INFO - Sent end of frame 49, packet 68/68
2025-07-24 17:01:57,783 - INFO - Frame 50: Sending 70 packets, total size 95809 bytes
2025-07-24 17:01:57,783 - INFO - Sent start of frame 50, total packets: 70
2025-07-24 17:01:57,867 - INFO - Sent end of frame 50, packet 69/69
2025-07-24 17:01:57,909 - INFO - Frame 51: Sending 70 packets, total size 95900 bytes
2025-07-24 17:01:57,909 - INFO - Sent start of frame 51, total packets: 70
2025-07-24 17:01:57,993 - INFO - Sent end of frame 51, packet 69/69
2025-07-24 17:01:58,036 - INFO - Frame 52: Sending 71 packets, total size 97922 bytes
2025-07-24 17:01:58,036 - INFO - Sent start of frame 52, total packets: 71
2025-07-24 17:01:58,122 - INFO - Sent end of frame 52, packet 70/70
2025-07-24 17:01:58,167 - INFO - Frame 53: Sending 70 packets, total size 95942 bytes
2025-07-24 17:01:58,167 - INFO - Sent start of frame 53, total packets: 70
2025-07-24 17:01:58,250 - INFO - Sent end of frame 53, packet 69/69
2025-07-24 17:01:58,293 - INFO - Frame 54: Sending 70 packets, total size 96733 bytes
2025-07-24 17:01:58,293 - INFO - Sent start of frame 54, total packets: 70
2025-07-24 17:01:58,379 - INFO - Sent end of frame 54, packet 69/69
2025-07-24 17:01:58,422 - INFO - Frame 55: Sending 70 packets, total size 96387 bytes
2025-07-24 17:01:58,422 - INFO - Sent start of frame 55, total packets: 70
2025-07-24 17:01:58,505 - INFO - Sent end of frame 55, packet 69/69
2025-07-24 17:01:58,548 - INFO - Frame 56: Sending 71 packets, total size 98421 bytes
2025-07-24 17:01:58,548 - INFO - Sent start of frame 56, total packets: 71
2025-07-24 17:01:58,631 - INFO - Sent end of frame 56, packet 70/70
2025-07-24 17:01:58,675 - INFO - Frame 57: Sending 70 packets, total size 96440 bytes
2025-07-24 17:01:58,675 - INFO - Sent start of frame 57, total packets: 70
2025-07-24 17:01:58,758 - INFO - Sent end of frame 57, packet 69/69
2025-07-24 17:01:58,802 - INFO - Frame 58: Sending 70 packets, total size 96662 bytes
2025-07-24 17:01:58,802 - INFO - Sent start of frame 58, total packets: 70
2025-07-24 17:01:58,919 - INFO - Sent end of frame 58, packet 69/69
2025-07-24 17:01:58,960 - INFO - Frame 59: Sending 70 packets, total size 96335 bytes
2025-07-24 17:01:58,960 - INFO - Sent start of frame 59, total packets: 70
2025-07-24 17:01:59,044 - INFO - Sent end of frame 59, packet 69/69
2025-07-24 17:01:59,087 - INFO - Frame 60: Sending 71 packets, total size 98130 bytes
2025-07-24 17:01:59,087 - INFO - Sent start of frame 60, total packets: 71
2025-07-24 17:01:59,169 - INFO - Sent end of frame 60, packet 70/70
2025-07-24 17:01:59,212 - INFO - Frame 61: Sending 70 packets, total size 96130 bytes
2025-07-24 17:01:59,212 - INFO - Sent start of frame 61, total packets: 70
2025-07-24 17:01:59,296 - INFO - Sent end of frame 61, packet 69/69
2025-07-24 17:01:59,339 - INFO - Frame 62: Sending 70 packets, total size 96667 bytes
2025-07-24 17:01:59,340 - INFO - Sent start of frame 62, total packets: 70
2025-07-24 17:01:59,423 - INFO - Sent end of frame 62, packet 69/69
2025-07-24 17:01:59,466 - INFO - Frame 63: Sending 70 packets, total size 96449 bytes
2025-07-24 17:01:59,466 - INFO - Sent start of frame 63, total packets: 70
2025-07-24 17:01:59,550 - INFO - Sent end of frame 63, packet 69/69
2025-07-24 17:01:59,593 - INFO - Frame 64: Sending 72 packets, total size 98571 bytes
2025-07-24 17:01:59,594 - INFO - Sent start of frame 64, total packets: 72
2025-07-24 17:01:59,679 - INFO - Sent end of frame 64, packet 71/71
2025-07-24 17:01:59,724 - INFO - Frame 65: Sending 70 packets, total size 96594 bytes
2025-07-24 17:01:59,724 - INFO - Sent start of frame 65, total packets: 70
2025-07-24 17:01:59,807 - INFO - Sent end of frame 65, packet 69/69
2025-07-24 17:01:59,850 - INFO - Frame 66: Sending 70 packets, total size 96855 bytes
2025-07-24 17:01:59,850 - INFO - Sent start of frame 66, total packets: 70
2025-07-24 17:01:59,935 - INFO - Sent end of frame 66, packet 69/69
2025-07-24 17:01:59,978 - INFO - Frame 67: Sending 70 packets, total size 96776 bytes
2025-07-24 17:01:59,978 - INFO - Sent start of frame 67, total packets: 70
2025-07-24 17:02:00,062 - INFO - Sent end of frame 67, packet 69/69
2025-07-24 17:02:00,108 - INFO - Frame 68: Sending 72 packets, total size 98861 bytes
2025-07-24 17:02:00,108 - INFO - Sent start of frame 68, total packets: 72
2025-07-24 17:02:00,196 - INFO - Sent end of frame 68, packet 71/71
2025-07-24 17:02:00,239 - INFO - Frame 69: Sending 70 packets, total size 96489 bytes
2025-07-24 17:02:00,239 - INFO - Sent start of frame 69, total packets: 70
2025-07-24 17:02:00,321 - INFO - Sent end of frame 69, packet 69/69
2025-07-24 17:02:00,371 - INFO - Frame 70: Sending 70 packets, total size 97117 bytes
2025-07-24 17:02:00,371 - INFO - Sent start of frame 70, total packets: 70
2025-07-24 17:02:00,455 - INFO - Sent end of frame 70, packet 69/69
2025-07-24 17:02:00,498 - INFO - Frame 71: Sending 70 packets, total size 97032 bytes
2025-07-24 17:02:00,498 - INFO - Sent start of frame 71, total packets: 70
2025-07-24 17:02:00,580 - INFO - Sent end of frame 71, packet 69/69
2025-07-24 17:02:00,620 - INFO - Frame 72: Sending 72 packets, total size 99224 bytes
2025-07-24 17:02:00,621 - INFO - Sent start of frame 72, total packets: 72
2025-07-24 17:02:00,705 - INFO - Sent end of frame 72, packet 71/71
2025-07-24 17:02:00,749 - INFO - Frame 73: Sending 71 packets, total size 97389 bytes
2025-07-24 17:02:00,749 - INFO - Sent start of frame 73, total packets: 71
2025-07-24 17:02:00,835 - INFO - Sent end of frame 73, packet 70/70
2025-07-24 17:02:00,878 - INFO - Frame 74: Sending 71 packets, total size 97688 bytes
2025-07-24 17:02:00,878 - INFO - Sent start of frame 74, total packets: 71
2025-07-24 17:02:00,962 - INFO - Sent end of frame 74, packet 70/70
2025-07-24 17:02:01,004 - INFO - Frame 75: Sending 71 packets, total size 97287 bytes
2025-07-24 17:02:01,004 - INFO - Sent start of frame 75, total packets: 71
2025-07-24 17:02:01,111 - INFO - Sent end of frame 75, packet 70/70
2025-07-24 17:02:01,152 - INFO - Frame 76: Sending 72 packets, total size 99369 bytes
2025-07-24 17:02:01,153 - INFO - Sent start of frame 76, total packets: 72
2025-07-24 17:02:01,239 - INFO - Sent end of frame 76, packet 71/71
2025-07-24 17:02:01,319 - INFO - Frame 77: Sending 71 packets, total size 97318 bytes
2025-07-24 17:02:01,320 - INFO - Sent start of frame 77, total packets: 71
2025-07-24 17:02:01,411 - INFO - Sent end of frame 77, packet 70/70
2025-07-24 17:02:01,458 - INFO - Frame 78: Sending 71 packets, total size 98068 bytes
2025-07-24 17:02:01,458 - INFO - Sent start of frame 78, total packets: 71
2025-07-24 17:02:01,543 - INFO - Sent end of frame 78, packet 70/70
2025-07-24 17:02:01,584 - INFO - Frame 79: Sending 71 packets, total size 97733 bytes
2025-07-24 17:02:01,584 - INFO - Sent start of frame 79, total packets: 71
2025-07-24 17:02:01,668 - INFO - Sent end of frame 79, packet 70/70
2025-07-24 17:02:01,713 - INFO - Frame 80: Sending 72 packets, total size 99792 bytes
2025-07-24 17:02:01,713 - INFO - Sent start of frame 80, total packets: 72
2025-07-24 17:02:01,798 - INFO - Sent end of frame 80, packet 71/71
2025-07-24 17:02:01,838 - INFO - Frame 81: Sending 71 packets, total size 97786 bytes
2025-07-24 17:02:01,838 - INFO - Sent start of frame 81, total packets: 71
2025-07-24 17:02:01,921 - INFO - Sent end of frame 81, packet 70/70
2025-07-24 17:02:01,966 - INFO - Frame 82: Sending 71 packets, total size 98472 bytes
2025-07-24 17:02:01,966 - INFO - Sent start of frame 82, total packets: 71
2025-07-24 17:02:02,051 - INFO - Sent end of frame 82, packet 70/70
2025-07-24 17:02:02,094 - INFO - Frame 83: Sending 71 packets, total size 98201 bytes
2025-07-24 17:02:02,094 - INFO - Sent start of frame 83, total packets: 71
2025-07-24 17:02:02,178 - INFO - Sent end of frame 83, packet 70/70
2025-07-24 17:02:02,222 - INFO - Frame 84: Sending 73 packets, total size 100276 bytes
2025-07-24 17:02:02,223 - INFO - Sent start of frame 84, total packets: 73
2025-07-24 17:02:02,308 - INFO - Sent end of frame 84, packet 72/72
2025-07-24 17:02:02,352 - INFO - Frame 85: Sending 71 packets, total size 98012 bytes
2025-07-24 17:02:02,353 - INFO - Sent start of frame 85, total packets: 71
2025-07-24 17:02:02,435 - INFO - Sent end of frame 85, packet 70/70
2025-07-24 17:02:02,480 - INFO - Frame 86: Sending 72 packets, total size 98635 bytes
2025-07-24 17:02:02,480 - INFO - Sent start of frame 86, total packets: 72
2025-07-24 17:02:02,566 - INFO - Sent end of frame 86, packet 71/71
2025-07-24 17:02:02,610 - INFO - Frame 87: Sending 71 packets, total size 98351 bytes
2025-07-24 17:02:02,610 - INFO - Sent start of frame 87, total packets: 71
2025-07-24 17:02:02,694 - INFO - Sent end of frame 87, packet 70/70
2025-07-24 17:02:02,738 - INFO - Frame 88: Sending 73 packets, total size 100351 bytes
2025-07-24 17:02:02,739 - INFO - Sent start of frame 88, total packets: 73
2025-07-24 17:02:02,825 - INFO - Sent end of frame 88, packet 72/72
2025-07-24 17:02:02,869 - INFO - Frame 89: Sending 73 packets, total size 100141 bytes
2025-07-24 17:02:02,869 - INFO - Sent start of frame 89, total packets: 73
2025-07-24 17:02:02,956 - INFO - Sent end of frame 89, packet 72/72
2025-07-24 17:02:03,000 - INFO - Frame 90: Sending 73 packets, total size 100874 bytes
2025-07-24 17:02:03,000 - INFO - Sent start of frame 90, total packets: 73
2025-07-24 17:02:03,085 - INFO - Sent end of frame 90, packet 72/72
2025-07-24 17:02:03,130 - INFO - Frame 91: Sending 72 packets, total size 98807 bytes
2025-07-24 17:02:03,130 - INFO - Sent start of frame 91, total packets: 72
2025-07-24 17:02:03,215 - INFO - Sent end of frame 91, packet 71/71
2025-07-24 17:02:03,260 - INFO - Frame 92: Sending 72 packets, total size 99504 bytes
2025-07-24 17:02:03,260 - INFO - Sent start of frame 92, total packets: 72
2025-07-24 17:02:03,345 - INFO - Sent end of frame 92, packet 71/71
2025-07-24 17:02:03,389 - INFO - Frame 93: Sending 72 packets, total size 98559 bytes
2025-07-24 17:02:03,389 - INFO - Sent start of frame 93, total packets: 72
2025-07-24 17:02:03,474 - INFO - Sent end of frame 93, packet 71/71
2025-07-24 17:02:03,515 - INFO - Frame 94: Sending 73 packets, total size 100301 bytes
2025-07-24 17:02:03,515 - INFO - Sent start of frame 94, total packets: 73
2025-07-24 17:02:03,599 - INFO - Sent end of frame 94, packet 72/72
2025-07-24 17:02:03,642 - INFO - Frame 95: Sending 71 packets, total size 98422 bytes
2025-07-24 17:02:03,643 - INFO - Sent start of frame 95, total packets: 71
2025-07-24 17:02:03,727 - INFO - Sent end of frame 95, packet 70/70
2025-07-24 17:02:03,769 - INFO - Frame 96: Sending 72 packets, total size 99095 bytes
2025-07-24 17:02:03,769 - INFO - Sent start of frame 96, total packets: 72
2025-07-24 17:02:03,855 - INFO - Sent end of frame 96, packet 71/71
2025-07-24 17:02:03,899 - INFO - Frame 97: Sending 71 packets, total size 98511 bytes
2025-07-24 17:02:03,900 - INFO - Sent start of frame 97, total packets: 71
2025-07-24 17:02:03,984 - INFO - Sent end of frame 97, packet 70/70
2025-07-24 17:02:04,029 - INFO - Frame 98: Sending 73 packets, total size 100628 bytes
2025-07-24 17:02:04,029 - INFO - Sent start of frame 98, total packets: 73
2025-07-24 17:02:04,115 - INFO - Sent end of frame 98, packet 72/72
2025-07-24 17:02:04,159 - INFO - Frame 99: Sending 71 packets, total size 98527 bytes
2025-07-24 17:02:04,159 - INFO - Sent start of frame 99, total packets: 71
2025-07-24 17:02:04,242 - INFO - Sent end of frame 99, packet 70/70
2025-07-24 17:02:04,298 - INFO - Frame 100: Sending 72 packets, total size 99089 bytes
2025-07-24 17:02:04,298 - INFO - Sent start of frame 100, total packets: 72
2025-07-24 17:02:04,387 - INFO - Sent end of frame 100, packet 71/71
2025-07-24 17:02:04,432 - INFO - Frame 101: Sending 72 packets, total size 98579 bytes
2025-07-24 17:02:04,432 - INFO - Sent start of frame 101, total packets: 72
2025-07-24 17:02:04,518 - INFO - Sent end of frame 101, packet 71/71
2025-07-24 17:02:04,562 - INFO - Frame 102: Sending 73 packets, total size 100705 bytes
2025-07-24 17:02:04,562 - INFO - Sent start of frame 102, total packets: 73
2025-07-24 17:02:04,649 - INFO - Sent end of frame 102, packet 72/72
2025-07-24 17:02:04,693 - INFO - Frame 103: Sending 72 packets, total size 98551 bytes
2025-07-24 17:02:04,693 - INFO - Sent start of frame 103, total packets: 72
2025-07-24 17:02:04,778 - INFO - Sent end of frame 103, packet 71/71
2025-07-24 17:02:04,822 - INFO - Frame 104: Sending 72 packets, total size 99219 bytes
2025-07-24 17:02:04,822 - INFO - Sent start of frame 104, total packets: 72
2025-07-24 17:02:04,908 - INFO - Sent end of frame 104, packet 71/71
2025-07-24 17:02:04,952 - INFO - Frame 105: Sending 72 packets, total size 99030 bytes
2025-07-24 17:02:04,952 - INFO - Sent start of frame 105, total packets: 72
2025-07-24 17:02:05,038 - INFO - Sent end of frame 105, packet 71/71
2025-07-24 17:02:05,079 - INFO - Frame 106: Sending 73 packets, total size 100995 bytes
2025-07-24 17:02:05,079 - INFO - Sent start of frame 106, total packets: 73
2025-07-24 17:02:05,165 - INFO - Sent end of frame 106, packet 72/72
2025-07-24 17:02:05,210 - INFO - Frame 107: Sending 72 packets, total size 98856 bytes
2025-07-24 17:02:05,211 - INFO - Sent start of frame 107, total packets: 72
2025-07-24 17:02:05,300 - INFO - Sent end of frame 107, packet 71/71
2025-07-24 17:02:05,345 - INFO - Frame 108: Sending 72 packets, total size 99230 bytes
2025-07-24 17:02:05,345 - INFO - Sent start of frame 108, total packets: 72
2025-07-24 17:02:05,435 - INFO - Sent end of frame 108, packet 71/71
2025-07-24 17:02:05,479 - INFO - Frame 109: Sending 72 packets, total size 98817 bytes
2025-07-24 17:02:05,480 - INFO - Sent start of frame 109, total packets: 72
2025-07-24 17:02:05,569 - INFO - Sent end of frame 109, packet 71/71
2025-07-24 17:02:05,613 - INFO - Frame 110: Sending 73 packets, total size 101028 bytes
2025-07-24 17:02:05,613 - INFO - Sent start of frame 110, total packets: 73
2025-07-24 17:02:05,702 - INFO - Sent end of frame 110, packet 72/72
2025-07-24 17:02:05,745 - INFO - Frame 111: Sending 72 packets, total size 98803 bytes
2025-07-24 17:02:05,746 - INFO - Sent start of frame 111, total packets: 72
2025-07-24 17:02:05,832 - INFO - Sent end of frame 111, packet 71/71
2025-07-24 17:02:05,877 - INFO - Frame 112: Sending 72 packets, total size 99404 bytes
2025-07-24 17:02:05,877 - INFO - Sent start of frame 112, total packets: 72
2025-07-24 17:02:05,962 - INFO - Sent end of frame 112, packet 71/71
2025-07-24 17:02:06,006 - INFO - Frame 113: Sending 72 packets, total size 99087 bytes
2025-07-24 17:02:06,006 - INFO - Sent start of frame 113, total packets: 72
2025-07-24 17:02:06,091 - INFO - Sent end of frame 113, packet 71/71
2025-07-24 17:02:06,134 - INFO - Frame 114: Sending 73 packets, total size 100914 bytes
2025-07-24 17:02:06,134 - INFO - Sent start of frame 114, total packets: 73
2025-07-24 17:02:06,219 - INFO - Sent end of frame 114, packet 72/72
2025-07-24 17:02:06,261 - INFO - Frame 115: Sending 72 packets, total size 98981 bytes
2025-07-24 17:02:06,262 - INFO - Sent start of frame 115, total packets: 72
2025-07-24 17:02:06,346 - INFO - Sent end of frame 115, packet 71/71
2025-07-24 17:02:06,389 - INFO - Frame 116: Sending 72 packets, total size 99509 bytes
2025-07-24 17:02:06,389 - INFO - Sent start of frame 116, total packets: 72
2025-07-24 17:02:06,476 - INFO - Sent end of frame 116, packet 71/71
2025-07-24 17:02:06,519 - INFO - Frame 117: Sending 72 packets, total size 98945 bytes
2025-07-24 17:02:06,520 - INFO - Sent start of frame 117, total packets: 72
2025-07-24 17:02:06,605 - INFO - Sent end of frame 117, packet 71/71
2025-07-24 17:02:06,649 - INFO - Frame 118: Sending 73 packets, total size 101120 bytes
2025-07-24 17:02:06,649 - INFO - Sent start of frame 118, total packets: 73
2025-07-24 17:02:06,736 - INFO - Sent end of frame 118, packet 72/72
2025-07-24 17:02:06,779 - INFO - Frame 119: Sending 72 packets, total size 98971 bytes
2025-07-24 17:02:06,779 - INFO - Sent start of frame 119, total packets: 72
2025-07-24 17:02:06,865 - INFO - Sent end of frame 119, packet 71/71
2025-07-24 17:02:06,910 - INFO - Frame 120: Sending 72 packets, total size 99056 bytes
2025-07-24 17:02:06,910 - INFO - Sent start of frame 120, total packets: 72
2025-07-24 17:02:07,001 - INFO - Sent end of frame 120, packet 71/71
2025-07-24 17:02:07,044 - INFO - Frame 121: Sending 72 packets, total size 99018 bytes
2025-07-24 17:02:07,044 - INFO - Sent start of frame 121, total packets: 72
2025-07-24 17:02:07,134 - INFO - Sent end of frame 121, packet 71/71
2025-07-24 17:02:07,177 - INFO - Frame 122: Sending 73 packets, total size 100783 bytes
2025-07-24 17:02:07,177 - INFO - Sent start of frame 122, total packets: 73
2025-07-24 17:02:07,268 - INFO - Sent end of frame 122, packet 72/72
2025-07-24 17:02:07,314 - INFO - Frame 123: Sending 72 packets, total size 98672 bytes
2025-07-24 17:02:07,314 - INFO - Sent start of frame 123, total packets: 72
2025-07-24 17:02:07,403 - INFO - Sent end of frame 123, packet 71/71
2025-07-24 17:02:07,448 - INFO - Frame 124: Sending 72 packets, total size 99359 bytes
2025-07-24 17:02:07,448 - INFO - Sent start of frame 124, total packets: 72
2025-07-24 17:02:07,539 - INFO - Sent end of frame 124, packet 71/71
2025-07-24 17:02:07,584 - INFO - Frame 125: Sending 72 packets, total size 98847 bytes
2025-07-24 17:02:07,584 - INFO - Sent start of frame 125, total packets: 72
2025-07-24 17:02:07,676 - INFO - Sent end of frame 125, packet 71/71
2025-07-24 17:02:07,720 - INFO - Frame 126: Sending 73 packets, total size 100984 bytes
2025-07-24 17:02:07,721 - INFO - Sent start of frame 126, total packets: 73
2025-07-24 17:02:07,810 - INFO - Sent end of frame 126, packet 72/72
2025-07-24 17:02:07,855 - INFO - Frame 127: Sending 72 packets, total size 98998 bytes
2025-07-24 17:02:07,856 - INFO - Sent start of frame 127, total packets: 72
2025-07-24 17:02:07,943 - INFO - Sent end of frame 127, packet 71/71
2025-07-24 17:02:07,987 - INFO - Frame 128: Sending 72 packets, total size 99393 bytes
2025-07-24 17:02:07,988 - INFO - Sent start of frame 128, total packets: 72
2025-07-24 17:02:08,077 - INFO - Sent end of frame 128, packet 71/71
2025-07-24 17:02:08,122 - INFO - Frame 129: Sending 72 packets, total size 98961 bytes
2025-07-24 17:02:08,123 - INFO - Sent start of frame 129, total packets: 72
2025-07-24 17:02:08,211 - INFO - Sent end of frame 129, packet 71/71
2025-07-24 17:02:08,256 - INFO - Frame 130: Sending 73 packets, total size 101027 bytes
2025-07-24 17:02:08,256 - INFO - Sent start of frame 130, total packets: 73
2025-07-24 17:02:08,346 - INFO - Sent end of frame 130, packet 72/72
2025-07-24 17:02:08,391 - INFO - Frame 131: Sending 72 packets, total size 98796 bytes
2025-07-24 17:02:08,391 - INFO - Sent start of frame 131, total packets: 72
2025-07-24 17:02:08,478 - INFO - Sent end of frame 131, packet 71/71
2025-07-24 17:02:08,522 - INFO - Frame 132: Sending 72 packets, total size 99357 bytes
2025-07-24 17:02:08,522 - INFO - Sent start of frame 132, total packets: 72
2025-07-24 17:02:08,608 - INFO - Sent end of frame 132, packet 71/71
2025-07-24 17:02:08,652 - INFO - Frame 133: Sending 72 packets, total size 98951 bytes
2025-07-24 17:02:08,652 - INFO - Sent start of frame 133, total packets: 72
2025-07-24 17:02:08,739 - INFO - Sent end of frame 133, packet 71/71
2025-07-24 17:02:08,784 - INFO - Frame 134: Sending 73 packets, total size 101039 bytes
2025-07-24 17:02:08,784 - INFO - Sent start of frame 134, total packets: 73
2025-07-24 17:02:08,875 - INFO - Sent end of frame 134, packet 72/72
2025-07-24 17:02:08,920 - INFO - Frame 135: Sending 72 packets, total size 98802 bytes
2025-07-24 17:02:08,920 - INFO - Sent start of frame 135, total packets: 72
2025-07-24 17:02:09,008 - INFO - Sent end of frame 135, packet 71/71
2025-07-24 17:02:09,054 - INFO - Frame 136: Sending 72 packets, total size 99106 bytes
2025-07-24 17:02:09,054 - INFO - Sent start of frame 136, total packets: 72
2025-07-24 17:02:09,141 - INFO - Sent end of frame 136, packet 71/71
2025-07-24 17:02:09,186 - INFO - Frame 137: Sending 72 packets, total size 98884 bytes
2025-07-24 17:02:09,186 - INFO - Sent start of frame 137, total packets: 72
2025-07-24 17:02:09,273 - INFO - Sent end of frame 137, packet 71/71
2025-07-24 17:02:09,317 - INFO - Frame 138: Sending 73 packets, total size 100799 bytes
2025-07-24 17:02:09,318 - INFO - Sent start of frame 138, total packets: 73
2025-07-24 17:02:09,404 - INFO - Sent end of frame 138, packet 72/72
2025-07-24 17:02:09,443 - INFO - Frame 139: Sending 72 packets, total size 98733 bytes
2025-07-24 17:02:09,443 - INFO - Sent start of frame 139, total packets: 72
2025-07-24 17:02:09,530 - INFO - Sent end of frame 139, packet 71/71
2025-07-24 17:02:09,574 - INFO - Frame 140: Sending 72 packets, total size 99294 bytes
2025-07-24 17:02:09,575 - INFO - Sent start of frame 140, total packets: 72
2025-07-24 17:02:09,665 - INFO - Sent end of frame 140, packet 71/71
2025-07-24 17:02:09,710 - INFO - Frame 141: Sending 72 packets, total size 99086 bytes
2025-07-24 17:02:09,710 - INFO - Sent start of frame 141, total packets: 72
2025-07-24 17:02:09,826 - INFO - Sent end of frame 141, packet 71/71
2025-07-24 17:02:09,868 - INFO - Frame 142: Sending 73 packets, total size 100942 bytes
2025-07-24 17:02:09,869 - INFO - Sent start of frame 142, total packets: 73
2025-07-24 17:02:09,996 - INFO - Sent end of frame 142, packet 72/72
2025-07-24 17:02:10,041 - INFO - Frame 143: Sending 72 packets, total size 98661 bytes
2025-07-24 17:02:10,041 - INFO - Sent start of frame 143, total packets: 72
2025-07-24 17:02:10,127 - INFO - Sent end of frame 143, packet 71/71
2025-07-24 17:02:10,170 - INFO - Frame 144: Sending 72 packets, total size 99097 bytes
2025-07-24 17:02:10,170 - INFO - Sent start of frame 144, total packets: 72
2025-07-24 17:02:10,255 - INFO - Sent end of frame 144, packet 71/71
2025-07-24 17:02:10,300 - INFO - Frame 145: Sending 72 packets, total size 98875 bytes
2025-07-24 17:02:10,300 - INFO - Sent start of frame 145, total packets: 72
2025-07-24 17:02:10,389 - INFO - Sent end of frame 145, packet 71/71
2025-07-24 17:02:10,434 - INFO - Frame 146: Sending 73 packets, total size 100647 bytes
2025-07-24 17:02:10,434 - INFO - Sent start of frame 146, total packets: 73
2025-07-24 17:02:10,524 - INFO - Sent end of frame 146, packet 72/72
2025-07-24 17:02:10,570 - INFO - Frame 147: Sending 71 packets, total size 98431 bytes
2025-07-24 17:02:10,570 - INFO - Sent start of frame 147, total packets: 71
2025-07-24 17:02:10,656 - INFO - Sent end of frame 147, packet 70/70
2025-07-24 17:02:10,700 - INFO - Frame 148: Sending 72 packets, total size 98850 bytes
2025-07-24 17:02:10,700 - INFO - Sent start of frame 148, total packets: 72
2025-07-24 17:02:10,787 - INFO - Sent end of frame 148, packet 71/71
2025-07-24 17:02:10,832 - INFO - Frame 149: Sending 72 packets, total size 98578 bytes
2025-07-24 17:02:10,832 - INFO - Sent start of frame 149, total packets: 72
2025-07-24 17:02:10,920 - INFO - Sent end of frame 149, packet 71/71
2025-07-24 17:02:10,965 - INFO - Frame 150: Sending 73 packets, total size 100331 bytes
2025-07-24 17:02:10,965 - INFO - Sent start of frame 150, total packets: 73
2025-07-24 17:02:11,054 - INFO - Sent end of frame 150, packet 72/72
2025-07-24 17:02:11,098 - INFO - Frame 151: Sending 71 packets, total size 98297 bytes
2025-07-24 17:02:11,099 - INFO - Sent start of frame 151, total packets: 71
2025-07-24 17:02:11,186 - INFO - Sent end of frame 151, packet 70/70
2025-07-24 17:02:11,230 - INFO - Frame 152: Sending 72 packets, total size 98753 bytes
2025-07-24 17:02:11,230 - INFO - Sent start of frame 152, total packets: 72
2025-07-24 17:02:11,320 - INFO - Sent end of frame 152, packet 71/71
2025-07-24 17:02:11,361 - INFO - Frame 153: Sending 71 packets, total size 98410 bytes
2025-07-24 17:02:11,361 - INFO - Sent start of frame 153, total packets: 71
2025-07-24 17:02:11,448 - INFO - Sent end of frame 153, packet 70/70
2025-07-24 17:02:11,490 - INFO - Frame 154: Sending 73 packets, total size 100442 bytes
2025-07-24 17:02:11,490 - INFO - Sent start of frame 154, total packets: 73
2025-07-24 17:02:11,579 - INFO - Sent end of frame 154, packet 72/72
2025-07-24 17:02:11,623 - INFO - Frame 155: Sending 71 packets, total size 98124 bytes
2025-07-24 17:02:11,623 - INFO - Sent start of frame 155, total packets: 71
2025-07-24 17:02:11,708 - INFO - Sent end of frame 155, packet 70/70
2025-07-24 17:02:11,750 - INFO - Frame 156: Sending 71 packets, total size 98536 bytes
2025-07-24 17:02:11,751 - INFO - Sent start of frame 156, total packets: 71
2025-07-24 17:02:11,835 - INFO - Sent end of frame 156, packet 70/70
2025-07-24 17:02:11,879 - INFO - Frame 157: Sending 71 packets, total size 98067 bytes
2025-07-24 17:02:11,880 - INFO - Sent start of frame 157, total packets: 71
2025-07-24 17:02:11,968 - INFO - Sent end of frame 157, packet 70/70
2025-07-24 17:02:12,012 - INFO - Frame 158: Sending 73 packets, total size 100114 bytes
2025-07-24 17:02:12,012 - INFO - Sent start of frame 158, total packets: 73
2025-07-24 17:02:12,103 - INFO - Sent end of frame 158, packet 72/72
2025-07-24 17:02:12,149 - INFO - Frame 159: Sending 71 packets, total size 97825 bytes
2025-07-24 17:02:12,149 - INFO - Sent start of frame 159, total packets: 71
2025-07-24 17:02:12,235 - INFO - Sent end of frame 159, packet 70/70
2025-07-24 17:02:12,278 - INFO - Frame 160: Sending 71 packets, total size 98348 bytes
2025-07-24 17:02:12,278 - INFO - Sent start of frame 160, total packets: 71
2025-07-24 17:02:12,368 - INFO - Sent end of frame 160, packet 70/70
2025-07-24 17:02:12,411 - INFO - Frame 161: Sending 71 packets, total size 97949 bytes
2025-07-24 17:02:12,411 - INFO - Sent start of frame 161, total packets: 71
2025-07-24 17:02:12,500 - INFO - Sent end of frame 161, packet 70/70
2025-07-24 17:02:12,545 - INFO - Frame 162: Sending 72 packets, total size 99772 bytes
2025-07-24 17:02:12,545 - INFO - Sent start of frame 162, total packets: 72
2025-07-24 17:02:12,633 - INFO - Sent end of frame 162, packet 71/71
2025-07-24 17:02:12,677 - INFO - Frame 163: Sending 71 packets, total size 97902 bytes
2025-07-24 17:02:12,678 - INFO - Sent start of frame 163, total packets: 71
2025-07-24 17:02:12,763 - INFO - Sent end of frame 163, packet 70/70
2025-07-24 17:02:12,807 - INFO - Frame 164: Sending 71 packets, total size 98125 bytes
2025-07-24 17:02:12,807 - INFO - Sent start of frame 164, total packets: 71
2025-07-24 17:02:12,892 - INFO - Sent end of frame 164, packet 70/70
2025-07-24 17:02:12,937 - INFO - Frame 165: Sending 71 packets, total size 97859 bytes
2025-07-24 17:02:12,938 - INFO - Sent start of frame 165, total packets: 71
2025-07-24 17:02:13,026 - INFO - Sent end of frame 165, packet 70/70
2025-07-24 17:02:13,071 - INFO - Frame 166: Sending 72 packets, total size 99526 bytes
2025-07-24 17:02:13,071 - INFO - Sent start of frame 166, total packets: 72
2025-07-24 17:02:13,158 - INFO - Sent end of frame 166, packet 71/71
2025-07-24 17:02:13,202 - INFO - Frame 167: Sending 71 packets, total size 97397 bytes
2025-07-24 17:02:13,202 - INFO - Sent start of frame 167, total packets: 71
2025-07-24 17:02:13,287 - INFO - Sent end of frame 167, packet 70/70
2025-07-24 17:02:13,332 - INFO - Frame 168: Sending 71 packets, total size 97659 bytes
2025-07-24 17:02:13,332 - INFO - Sent start of frame 168, total packets: 71
2025-07-24 17:02:13,420 - INFO - Sent end of frame 168, packet 70/70
2025-07-24 17:02:13,462 - INFO - Frame 169: Sending 71 packets, total size 97380 bytes
2025-07-24 17:02:13,462 - INFO - Sent start of frame 169, total packets: 71
2025-07-24 17:02:13,550 - INFO - Sent end of frame 169, packet 70/70
2025-07-24 17:02:13,595 - INFO - Frame 170: Sending 72 packets, total size 98998 bytes
2025-07-24 17:02:13,595 - INFO - Sent start of frame 170, total packets: 72
2025-07-24 17:02:13,680 - INFO - Sent end of frame 170, packet 71/71
2025-07-24 17:02:13,725 - INFO - Frame 171: Sending 70 packets, total size 97132 bytes
2025-07-24 17:02:13,725 - INFO - Sent start of frame 171, total packets: 70
2025-07-24 17:02:13,831 - INFO - Sent end of frame 171, packet 69/69
2025-07-24 17:02:13,876 - INFO - Frame 172: Sending 71 packets, total size 97436 bytes
2025-07-24 17:02:13,876 - INFO - Sent start of frame 172, total packets: 71
2025-07-24 17:02:13,962 - INFO - Sent end of frame 172, packet 70/70
2025-07-24 17:02:14,007 - INFO - Frame 173: Sending 70 packets, total size 97077 bytes
2025-07-24 17:02:14,007 - INFO - Sent start of frame 173, total packets: 70
2025-07-24 17:02:14,090 - INFO - Sent end of frame 173, packet 69/69
2025-07-24 17:02:14,134 - INFO - Frame 174: Sending 72 packets, total size 98727 bytes
2025-07-24 17:02:14,135 - INFO - Sent start of frame 174, total packets: 72
2025-07-24 17:02:14,220 - INFO - Sent end of frame 174, packet 71/71
2025-07-24 17:02:14,265 - INFO - Frame 175: Sending 70 packets, total size 96889 bytes
2025-07-24 17:02:14,265 - INFO - Sent start of frame 175, total packets: 70
2025-07-24 17:02:14,349 - INFO - Sent end of frame 175, packet 69/69
2025-07-24 17:02:14,394 - INFO - Frame 176: Sending 71 packets, total size 97493 bytes
2025-07-24 17:02:14,394 - INFO - Sent start of frame 176, total packets: 71
2025-07-24 17:02:14,480 - INFO - Sent end of frame 176, packet 70/70
2025-07-24 17:02:14,524 - INFO - Frame 177: Sending 70 packets, total size 96979 bytes
2025-07-24 17:02:14,525 - INFO - Sent start of frame 177, total packets: 70
2025-07-24 17:02:14,610 - INFO - Sent end of frame 177, packet 69/69
2025-07-24 17:02:14,651 - INFO - Frame 178: Sending 71 packets, total size 98425 bytes
2025-07-24 17:02:14,652 - INFO - Sent start of frame 178, total packets: 71
2025-07-24 17:02:14,737 - INFO - Sent end of frame 178, packet 70/70
2025-07-24 17:02:14,780 - INFO - Frame 179: Sending 71 packets, total size 98409 bytes
2025-07-24 17:02:14,780 - INFO - Sent start of frame 179, total packets: 71
2025-07-24 17:02:14,867 - INFO - Sent end of frame 179, packet 70/70
2025-07-24 17:02:14,910 - INFO - Frame 180: Sending 71 packets, total size 98267 bytes
2025-07-24 17:02:14,910 - INFO - Sent start of frame 180, total packets: 71
2025-07-24 17:02:14,993 - INFO - Sent end of frame 180, packet 70/70
2025-07-24 17:02:15,037 - INFO - Frame 181: Sending 70 packets, total size 96316 bytes
2025-07-24 17:02:15,038 - INFO - Sent start of frame 181, total packets: 70
2025-07-24 17:02:15,122 - INFO - Sent end of frame 181, packet 69/69
2025-07-24 17:02:15,166 - INFO - Frame 182: Sending 70 packets, total size 96188 bytes
2025-07-24 17:02:15,167 - INFO - Sent start of frame 182, total packets: 70
2025-07-24 17:02:15,250 - INFO - Sent end of frame 182, packet 69/69
2025-07-24 17:02:15,294 - INFO - Frame 183: Sending 69 packets, total size 95767 bytes
2025-07-24 17:02:15,294 - INFO - Sent start of frame 183, total packets: 69
2025-07-24 17:02:15,377 - INFO - Sent end of frame 183, packet 68/68
2025-07-24 17:02:15,420 - INFO - Frame 184: Sending 71 packets, total size 97196 bytes
2025-07-24 17:02:15,421 - INFO - Sent start of frame 184, total packets: 71
2025-07-24 17:02:15,507 - INFO - Sent end of frame 184, packet 70/70
2025-07-24 17:02:15,551 - INFO - Frame 185: Sending 69 packets, total size 95358 bytes
2025-07-24 17:02:15,551 - INFO - Sent start of frame 185, total packets: 69
2025-07-24 17:02:15,634 - INFO - Sent end of frame 185, packet 68/68
2025-07-24 17:02:15,678 - INFO - Frame 186: Sending 69 packets, total size 95708 bytes
2025-07-24 17:02:15,679 - INFO - Sent start of frame 186, total packets: 69
2025-07-24 17:02:15,763 - INFO - Sent end of frame 186, packet 68/68
2025-07-24 17:02:15,808 - INFO - Frame 187: Sending 69 packets, total size 95629 bytes
2025-07-24 17:02:15,808 - INFO - Sent start of frame 187, total packets: 69
2025-07-24 17:02:15,893 - INFO - Sent end of frame 187, packet 68/68
2025-07-24 17:02:15,938 - INFO - Frame 188: Sending 71 packets, total size 97238 bytes
2025-07-24 17:02:15,938 - INFO - Sent start of frame 188, total packets: 71
2025-07-24 17:02:16,024 - INFO - Sent end of frame 188, packet 70/70
2025-07-24 17:02:16,067 - INFO - Frame 189: Sending 69 packets, total size 95285 bytes
2025-07-24 17:02:16,067 - INFO - Sent start of frame 189, total packets: 69
2025-07-24 17:02:16,149 - INFO - Sent end of frame 189, packet 68/68
2025-07-24 17:02:16,196 - INFO - Frame 190: Sending 69 packets, total size 95610 bytes
2025-07-24 17:02:16,196 - INFO - Sent start of frame 190, total packets: 69
2025-07-24 17:02:16,280 - INFO - Sent end of frame 190, packet 68/68
2025-07-24 17:02:16,323 - INFO - Frame 191: Sending 69 packets, total size 95397 bytes
2025-07-24 17:02:16,323 - INFO - Sent start of frame 191, total packets: 69
2025-07-24 17:02:16,405 - INFO - Sent end of frame 191, packet 68/68
2025-07-24 17:02:16,450 - INFO - Frame 192: Sending 71 packets, total size 97220 bytes
2025-07-24 17:02:16,450 - INFO - Sent start of frame 192, total packets: 71
2025-07-24 17:02:16,536 - INFO - Sent end of frame 192, packet 70/70
2025-07-24 17:02:16,578 - INFO - Frame 193: Sending 69 packets, total size 95318 bytes
2025-07-24 17:02:16,579 - INFO - Sent start of frame 193, total packets: 69
2025-07-24 17:02:16,697 - INFO - Sent end of frame 193, packet 68/68
2025-07-24 17:02:16,740 - INFO - Frame 194: Sending 69 packets, total size 95589 bytes
2025-07-24 17:02:16,741 - INFO - Sent start of frame 194, total packets: 69
2025-07-24 17:02:16,823 - INFO - Sent end of frame 194, packet 68/68
2025-07-24 17:02:16,867 - INFO - Frame 195: Sending 69 packets, total size 95326 bytes
2025-07-24 17:02:16,867 - INFO - Sent start of frame 195, total packets: 69
2025-07-24 17:02:16,950 - INFO - Sent end of frame 195, packet 68/68
2025-07-24 17:02:16,995 - INFO - Frame 196: Sending 71 packets, total size 97221 bytes
2025-07-24 17:02:16,995 - INFO - Sent start of frame 196, total packets: 71
2025-07-24 17:02:17,081 - INFO - Sent end of frame 196, packet 70/70
2025-07-24 17:02:24,295 - INFO - === Starting new sender session ===
2025-07-24 17:02:24,295 - INFO - Starting video sender...
2025-07-24 17:02:24,295 - INFO - Streaming test_video.mp4 to 127.0.0.1:5005
2025-07-24 17:02:24,295 - INFO - Press Ctrl+C to stop
2025-07-24 17:02:24,320 - INFO - Starting video stream from test_video.mp4
2025-07-24 17:02:24,320 - INFO - Sending to 127.0.0.1:5005
2025-07-24 17:02:24,351 - INFO - Frame 0: Sending 69 packets, total size 94493 bytes
2025-07-24 17:02:24,351 - INFO - Sent start of frame 0, total packets: 69
2025-07-24 17:02:24,436 - INFO - Sent end of frame 0, packet 68/68
2025-07-24 17:02:24,480 - INFO - Frame 1: Sending 67 packets, total size 92956 bytes
2025-07-24 17:02:24,480 - INFO - Sent start of frame 1, total packets: 67
2025-07-24 17:02:24,564 - INFO - Sent end of frame 1, packet 66/66
2025-07-24 17:02:24,608 - INFO - Frame 2: Sending 68 packets, total size 93132 bytes
2025-07-24 17:02:24,608 - INFO - Sent start of frame 2, total packets: 68
2025-07-24 17:02:24,692 - INFO - Sent end of frame 2, packet 67/67
2025-07-24 17:02:24,736 - INFO - Frame 3: Sending 68 packets, total size 93147 bytes
2025-07-24 17:02:24,736 - INFO - Sent start of frame 3, total packets: 68
2025-07-24 17:02:24,821 - INFO - Sent end of frame 3, packet 67/67
2025-07-24 17:02:24,865 - INFO - Frame 4: Sending 69 packets, total size 94667 bytes
2025-07-24 17:02:24,865 - INFO - Sent start of frame 4, total packets: 69
2025-07-24 17:02:24,950 - INFO - Sent end of frame 4, packet 68/68
2025-07-24 17:02:24,995 - INFO - Frame 5: Sending 68 packets, total size 93158 bytes
2025-07-24 17:02:24,995 - INFO - Sent start of frame 5, total packets: 68
2025-07-24 17:02:25,076 - INFO - Sent end of frame 5, packet 67/67
2025-07-24 17:02:25,118 - INFO - Frame 6: Sending 68 packets, total size 93527 bytes
2025-07-24 17:02:25,119 - INFO - Sent start of frame 6, total packets: 68
2025-07-24 17:02:25,200 - INFO - Sent end of frame 6, packet 67/67
2025-07-24 17:02:25,243 - INFO - Frame 7: Sending 68 packets, total size 93366 bytes
2025-07-24 17:02:25,243 - INFO - Sent start of frame 7, total packets: 68
2025-07-24 17:02:25,323 - INFO - Sent end of frame 7, packet 67/67
2025-07-24 17:02:25,366 - INFO - Frame 8: Sending 69 packets, total size 95007 bytes
2025-07-24 17:02:25,366 - INFO - Sent start of frame 8, total packets: 69
2025-07-24 17:02:25,450 - INFO - Sent end of frame 8, packet 68/68
2025-07-24 17:02:25,494 - INFO - Frame 9: Sending 68 packets, total size 93477 bytes
2025-07-24 17:02:25,494 - INFO - Sent start of frame 9, total packets: 68
2025-07-24 17:02:25,577 - INFO - Sent end of frame 9, packet 67/67
2025-07-24 17:02:25,620 - INFO - Frame 10: Sending 68 packets, total size 93848 bytes
2025-07-24 17:02:25,620 - INFO - Sent start of frame 10, total packets: 68
2025-07-24 17:02:25,705 - INFO - Sent end of frame 10, packet 67/67
2025-07-24 17:02:25,749 - INFO - Frame 11: Sending 68 packets, total size 93970 bytes
2025-07-24 17:02:25,749 - INFO - Sent start of frame 11, total packets: 68
2025-07-24 17:02:25,834 - INFO - Sent end of frame 11, packet 67/67
2025-07-24 17:02:25,877 - INFO - Frame 12: Sending 69 packets, total size 95474 bytes
2025-07-24 17:02:25,877 - INFO - Sent start of frame 12, total packets: 69
2025-07-24 17:02:25,963 - INFO - Sent end of frame 12, packet 68/68
2025-07-24 17:02:26,006 - INFO - Frame 13: Sending 68 packets, total size 93833 bytes
2025-07-24 17:02:26,006 - INFO - Sent start of frame 13, total packets: 68
2025-07-24 17:02:26,090 - INFO - Sent end of frame 13, packet 67/67
2025-07-24 17:02:26,134 - INFO - Frame 14: Sending 69 packets, total size 94598 bytes
2025-07-24 17:02:26,134 - INFO - Sent start of frame 14, total packets: 69
2025-07-24 17:02:26,221 - INFO - Sent end of frame 14, packet 68/68
2025-07-24 17:02:26,262 - INFO - Frame 15: Sending 69 packets, total size 94386 bytes
2025-07-24 17:02:26,262 - INFO - Sent start of frame 15, total packets: 69
2025-07-24 17:02:26,345 - INFO - Sent end of frame 15, packet 68/68
2025-07-24 17:02:26,387 - INFO - Frame 16: Sending 70 packets, total size 95828 bytes
2025-07-24 17:02:26,387 - INFO - Sent start of frame 16, total packets: 70
2025-07-24 17:02:26,473 - INFO - Sent end of frame 16, packet 69/69
2025-07-24 17:02:26,516 - INFO - Frame 17: Sending 68 packets, total size 94336 bytes
2025-07-24 17:02:26,516 - INFO - Sent start of frame 17, total packets: 68
2025-07-24 17:02:26,601 - INFO - Sent end of frame 17, packet 67/67
2025-07-24 17:02:26,644 - INFO - Frame 18: Sending 69 packets, total size 94666 bytes
2025-07-24 17:02:26,644 - INFO - Sent start of frame 18, total packets: 69
2025-07-24 17:02:26,729 - INFO - Sent end of frame 18, packet 68/68
2025-07-24 17:02:26,773 - INFO - Frame 19: Sending 69 packets, total size 94411 bytes
2025-07-24 17:02:26,773 - INFO - Sent start of frame 19, total packets: 69
2025-07-24 17:02:26,858 - INFO - Sent end of frame 19, packet 68/68
2025-07-24 17:02:26,902 - INFO - Frame 20: Sending 70 packets, total size 96236 bytes
2025-07-24 17:02:26,902 - INFO - Sent start of frame 20, total packets: 70
2025-07-24 17:02:26,989 - INFO - Sent end of frame 20, packet 69/69
2025-07-24 17:02:27,030 - INFO - Frame 21: Sending 69 packets, total size 94570 bytes
2025-07-24 17:02:27,030 - INFO - Sent start of frame 21, total packets: 69
2025-07-24 17:02:27,114 - INFO - Sent end of frame 21, packet 68/68
2025-07-24 17:02:27,157 - INFO - Frame 22: Sending 69 packets, total size 94916 bytes
2025-07-24 17:02:27,157 - INFO - Sent start of frame 22, total packets: 69
2025-07-24 17:02:27,242 - INFO - Sent end of frame 22, packet 68/68
2025-07-24 17:02:27,285 - INFO - Frame 23: Sending 69 packets, total size 94809 bytes
2025-07-24 17:02:27,285 - INFO - Sent start of frame 23, total packets: 69
2025-07-24 17:02:27,368 - INFO - Sent end of frame 23, packet 68/68
2025-07-24 17:02:27,411 - INFO - Frame 24: Sending 70 packets, total size 96397 bytes
2025-07-24 17:02:27,411 - INFO - Sent start of frame 24, total packets: 70
2025-07-24 17:02:27,498 - INFO - Sent end of frame 24, packet 69/69
2025-07-24 17:02:27,543 - INFO - Frame 25: Sending 69 packets, total size 94760 bytes
2025-07-24 17:02:27,544 - INFO - Sent start of frame 25, total packets: 69
2025-07-24 17:02:27,629 - INFO - Sent end of frame 25, packet 68/68
2025-07-24 17:02:27,671 - INFO - Frame 26: Sending 69 packets, total size 95027 bytes
2025-07-24 17:02:27,671 - INFO - Sent start of frame 26, total packets: 69
2025-07-24 17:02:27,759 - INFO - Sent end of frame 26, packet 68/68
2025-07-24 17:02:27,801 - INFO - Frame 27: Sending 69 packets, total size 94748 bytes
2025-07-24 17:02:27,801 - INFO - Sent start of frame 27, total packets: 69
2025-07-24 17:02:27,888 - INFO - Sent end of frame 27, packet 68/68
2025-07-24 17:02:27,933 - INFO - Frame 28: Sending 70 packets, total size 96578 bytes
2025-07-24 17:02:27,933 - INFO - Sent start of frame 28, total packets: 70
2025-07-24 17:02:28,020 - INFO - Sent end of frame 28, packet 69/69
2025-07-24 17:02:28,063 - INFO - Frame 29: Sending 69 packets, total size 94906 bytes
2025-07-24 17:02:28,063 - INFO - Sent start of frame 29, total packets: 69
2025-07-24 17:02:28,148 - INFO - Sent end of frame 29, packet 68/68
2025-07-24 17:02:28,190 - INFO - Frame 30: Sending 69 packets, total size 95342 bytes
2025-07-24 17:02:28,190 - INFO - Sent start of frame 30, total packets: 69
2025-07-24 17:02:28,273 - INFO - Sent end of frame 30, packet 68/68
2025-07-24 17:02:28,316 - INFO - Frame 31: Sending 69 packets, total size 95146 bytes
2025-07-24 17:02:28,317 - INFO - Sent start of frame 31, total packets: 69
2025-07-24 17:02:28,402 - INFO - Sent end of frame 31, packet 68/68
2025-07-24 17:02:28,443 - INFO - Frame 32: Sending 70 packets, total size 96764 bytes
2025-07-24 17:02:28,443 - INFO - Sent start of frame 32, total packets: 70
2025-07-24 17:02:28,529 - INFO - Sent end of frame 32, packet 69/69
2025-07-24 17:02:28,572 - INFO - Frame 33: Sending 69 packets, total size 94993 bytes
2025-07-24 17:02:28,573 - INFO - Sent start of frame 33, total packets: 69
2025-07-24 17:02:28,658 - INFO - Sent end of frame 33, packet 68/68
2025-07-24 17:02:28,700 - INFO - Frame 34: Sending 69 packets, total size 95424 bytes
2025-07-24 17:02:28,700 - INFO - Sent start of frame 34, total packets: 69
2025-07-24 17:02:28,783 - INFO - Sent end of frame 34, packet 68/68
2025-07-24 17:02:28,826 - INFO - Frame 35: Sending 69 packets, total size 95279 bytes
2025-07-24 17:02:28,826 - INFO - Sent start of frame 35, total packets: 69
2025-07-24 17:02:28,910 - INFO - Sent end of frame 35, packet 68/68
2025-07-24 17:02:28,952 - INFO - Frame 36: Sending 70 packets, total size 96940 bytes
2025-07-24 17:02:28,952 - INFO - Sent start of frame 36, total packets: 70
2025-07-24 17:02:29,039 - INFO - Sent end of frame 36, packet 69/69
2025-07-24 17:02:29,080 - INFO - Frame 37: Sending 69 packets, total size 95030 bytes
2025-07-24 17:02:29,080 - INFO - Sent start of frame 37, total packets: 69
2025-07-24 17:02:29,165 - INFO - Sent end of frame 37, packet 68/68
2025-07-24 17:02:29,208 - INFO - Frame 38: Sending 69 packets, total size 95522 bytes
2025-07-24 17:02:29,208 - INFO - Sent start of frame 38, total packets: 69
2025-07-24 17:02:29,293 - INFO - Sent end of frame 38, packet 68/68
2025-07-24 17:02:29,335 - INFO - Frame 39: Sending 69 packets, total size 95203 bytes
2025-07-24 17:02:29,335 - INFO - Sent start of frame 39, total packets: 69
2025-07-24 17:02:29,416 - INFO - Sent end of frame 39, packet 68/68
2025-07-24 17:02:29,461 - INFO - Frame 40: Sending 70 packets, total size 97059 bytes
2025-07-24 17:02:29,461 - INFO - Sent start of frame 40, total packets: 70
2025-07-24 17:02:29,549 - INFO - Sent end of frame 40, packet 69/69
2025-07-24 17:02:29,594 - INFO - Frame 41: Sending 69 packets, total size 95215 bytes
2025-07-24 17:02:29,595 - INFO - Sent start of frame 41, total packets: 69
2025-07-24 17:02:29,681 - INFO - Sent end of frame 41, packet 68/68
2025-07-24 17:02:29,726 - INFO - Frame 42: Sending 69 packets, total size 95722 bytes
2025-07-24 17:02:29,726 - INFO - Sent start of frame 42, total packets: 69
2025-07-24 17:02:29,813 - INFO - Sent end of frame 42, packet 68/68
2025-07-24 17:02:29,857 - INFO - Frame 43: Sending 69 packets, total size 95676 bytes
2025-07-24 17:02:29,857 - INFO - Sent start of frame 43, total packets: 69
2025-07-24 17:02:29,944 - INFO - Sent end of frame 43, packet 68/68
2025-07-24 17:02:29,983 - INFO - Frame 44: Sending 71 packets, total size 97417 bytes
2025-07-24 17:02:29,983 - INFO - Sent start of frame 44, total packets: 71
2025-07-24 17:02:30,071 - INFO - Sent end of frame 44, packet 70/70
2025-07-24 17:02:30,112 - INFO - Frame 45: Sending 69 packets, total size 95542 bytes
2025-07-24 17:02:30,112 - INFO - Sent start of frame 45, total packets: 69
2025-07-24 17:02:30,196 - INFO - Sent end of frame 45, packet 68/68
2025-07-24 17:02:30,238 - INFO - Frame 46: Sending 70 packets, total size 95822 bytes
2025-07-24 17:02:30,238 - INFO - Sent start of frame 46, total packets: 70
2025-07-24 17:02:30,324 - INFO - Sent end of frame 46, packet 69/69
2025-07-24 17:02:30,366 - INFO - Frame 47: Sending 69 packets, total size 95623 bytes
2025-07-24 17:02:30,366 - INFO - Sent start of frame 47, total packets: 69
2025-07-24 17:02:30,453 - INFO - Sent end of frame 47, packet 68/68
2025-07-24 17:02:30,497 - INFO - Frame 48: Sending 71 packets, total size 97300 bytes
2025-07-24 17:02:30,498 - INFO - Sent start of frame 48, total packets: 71
2025-07-24 17:02:30,587 - INFO - Sent end of frame 48, packet 70/70
2025-07-24 17:02:30,631 - INFO - Frame 49: Sending 69 packets, total size 95648 bytes
2025-07-24 17:02:30,631 - INFO - Sent start of frame 49, total packets: 69
2025-07-24 17:02:30,717 - INFO - Sent end of frame 49, packet 68/68
2025-07-24 17:02:30,762 - INFO - Frame 50: Sending 70 packets, total size 95809 bytes
2025-07-24 17:02:30,763 - INFO - Sent start of frame 50, total packets: 70
2025-07-24 17:02:30,852 - INFO - Sent end of frame 50, packet 69/69
2025-07-24 17:02:30,898 - INFO - Frame 51: Sending 70 packets, total size 95900 bytes
2025-07-24 17:02:30,898 - INFO - Sent start of frame 51, total packets: 70
2025-07-24 17:02:30,980 - INFO - Sent end of frame 51, packet 69/69
2025-07-24 17:02:31,024 - INFO - Frame 52: Sending 71 packets, total size 97922 bytes
2025-07-24 17:02:31,025 - INFO - Sent start of frame 52, total packets: 71
2025-07-24 17:02:31,113 - INFO - Sent end of frame 52, packet 70/70
2025-07-24 17:02:31,156 - INFO - Frame 53: Sending 70 packets, total size 95942 bytes
2025-07-24 17:02:31,157 - INFO - Sent start of frame 53, total packets: 70
2025-07-24 17:02:31,244 - INFO - Sent end of frame 53, packet 69/69
2025-07-24 17:02:31,287 - INFO - Frame 54: Sending 70 packets, total size 96733 bytes
2025-07-24 17:02:31,287 - INFO - Sent start of frame 54, total packets: 70
2025-07-24 17:02:31,374 - INFO - Sent end of frame 54, packet 69/69
2025-07-24 17:02:31,417 - INFO - Frame 55: Sending 70 packets, total size 96387 bytes
2025-07-24 17:02:31,417 - INFO - Sent start of frame 55, total packets: 70
2025-07-24 17:02:31,503 - INFO - Sent end of frame 55, packet 69/69
2025-07-24 17:02:31,546 - INFO - Frame 56: Sending 71 packets, total size 98421 bytes
2025-07-24 17:02:31,546 - INFO - Sent start of frame 56, total packets: 71
2025-07-24 17:02:31,635 - INFO - Sent end of frame 56, packet 70/70
2025-07-24 17:02:31,677 - INFO - Frame 57: Sending 70 packets, total size 96440 bytes
2025-07-24 17:02:31,678 - INFO - Sent start of frame 57, total packets: 70
2025-07-24 17:02:31,761 - INFO - Sent end of frame 57, packet 69/69
2025-07-24 17:02:31,805 - INFO - Frame 58: Sending 70 packets, total size 96662 bytes
2025-07-24 17:02:31,805 - INFO - Sent start of frame 58, total packets: 70
2025-07-24 17:02:31,889 - INFO - Sent end of frame 58, packet 69/69
2025-07-24 17:02:31,931 - INFO - Frame 59: Sending 70 packets, total size 96335 bytes
2025-07-24 17:02:31,932 - INFO - Sent start of frame 59, total packets: 70
2025-07-24 17:02:32,017 - INFO - Sent end of frame 59, packet 69/69
2025-07-24 17:02:32,060 - INFO - Frame 60: Sending 71 packets, total size 98130 bytes
2025-07-24 17:02:32,060 - INFO - Sent start of frame 60, total packets: 71
2025-07-24 17:02:32,147 - INFO - Sent end of frame 60, packet 70/70
2025-07-24 17:02:32,187 - INFO - Frame 61: Sending 70 packets, total size 96130 bytes
2025-07-24 17:02:32,188 - INFO - Sent start of frame 61, total packets: 70
2025-07-24 17:02:32,272 - INFO - Sent end of frame 61, packet 69/69
2025-07-24 17:02:32,314 - INFO - Frame 62: Sending 70 packets, total size 96667 bytes
2025-07-24 17:02:32,314 - INFO - Sent start of frame 62, total packets: 70
2025-07-24 17:02:32,398 - INFO - Sent end of frame 62, packet 69/69
2025-07-24 17:02:32,441 - INFO - Frame 63: Sending 70 packets, total size 96449 bytes
2025-07-24 17:02:32,442 - INFO - Sent start of frame 63, total packets: 70
2025-07-24 17:02:32,528 - INFO - Sent end of frame 63, packet 69/69
2025-07-24 17:02:32,570 - INFO - Frame 64: Sending 72 packets, total size 98571 bytes
2025-07-24 17:02:32,570 - INFO - Sent start of frame 64, total packets: 72
2025-07-24 17:02:32,658 - INFO - Sent end of frame 64, packet 71/71
2025-07-24 17:02:32,701 - INFO - Frame 65: Sending 70 packets, total size 96594 bytes
2025-07-24 17:02:32,702 - INFO - Sent start of frame 65, total packets: 70
2025-07-24 17:02:32,786 - INFO - Sent end of frame 65, packet 69/69
2025-07-24 17:02:32,829 - INFO - Frame 66: Sending 70 packets, total size 96855 bytes
2025-07-24 17:02:32,830 - INFO - Sent start of frame 66, total packets: 70
2025-07-24 17:02:32,915 - INFO - Sent end of frame 66, packet 69/69
2025-07-24 17:02:32,958 - INFO - Frame 67: Sending 70 packets, total size 96776 bytes
2025-07-24 17:02:32,959 - INFO - Sent start of frame 67, total packets: 70
2025-07-24 17:02:33,040 - INFO - Sent end of frame 67, packet 69/69
2025-07-24 17:02:33,083 - INFO - Frame 68: Sending 72 packets, total size 98861 bytes
2025-07-24 17:02:33,083 - INFO - Sent start of frame 68, total packets: 72
2025-07-24 17:02:33,170 - INFO - Sent end of frame 68, packet 71/71
2025-07-24 17:02:33,214 - INFO - Frame 69: Sending 70 packets, total size 96489 bytes
2025-07-24 17:02:33,214 - INFO - Sent start of frame 69, total packets: 70
2025-07-24 17:02:33,298 - INFO - Sent end of frame 69, packet 69/69
2025-07-24 17:02:33,342 - INFO - Frame 70: Sending 70 packets, total size 97117 bytes
2025-07-24 17:02:33,342 - INFO - Sent start of frame 70, total packets: 70
2025-07-24 17:02:33,426 - INFO - Sent end of frame 70, packet 69/69
2025-07-24 17:02:33,470 - INFO - Frame 71: Sending 70 packets, total size 97032 bytes
2025-07-24 17:02:33,470 - INFO - Sent start of frame 71, total packets: 70
2025-07-24 17:02:33,554 - INFO - Sent end of frame 71, packet 69/69
2025-07-24 17:02:33,594 - INFO - Frame 72: Sending 72 packets, total size 99224 bytes
2025-07-24 17:02:33,594 - INFO - Sent start of frame 72, total packets: 72
2025-07-24 17:02:33,681 - INFO - Sent end of frame 72, packet 71/71
2025-07-24 17:02:33,725 - INFO - Frame 73: Sending 71 packets, total size 97389 bytes
2025-07-24 17:02:33,725 - INFO - Sent start of frame 73, total packets: 71
2025-07-24 17:02:33,809 - INFO - Sent end of frame 73, packet 70/70
2025-07-24 17:02:33,854 - INFO - Frame 74: Sending 71 packets, total size 97688 bytes
2025-07-24 17:02:33,854 - INFO - Sent start of frame 74, total packets: 71
2025-07-24 17:02:33,939 - INFO - Sent end of frame 74, packet 70/70
2025-07-24 17:02:33,985 - INFO - Frame 75: Sending 71 packets, total size 97287 bytes
2025-07-24 17:02:33,985 - INFO - Sent start of frame 75, total packets: 71
2025-07-24 17:02:34,069 - INFO - Sent end of frame 75, packet 70/70
2025-07-24 17:02:34,114 - INFO - Frame 76: Sending 72 packets, total size 99369 bytes
2025-07-24 17:02:34,114 - INFO - Sent start of frame 76, total packets: 72
2025-07-24 17:02:34,202 - INFO - Sent end of frame 76, packet 71/71
2025-07-24 17:02:34,248 - INFO - Frame 77: Sending 71 packets, total size 97318 bytes
2025-07-24 17:02:34,248 - INFO - Sent start of frame 77, total packets: 71
2025-07-24 17:02:34,333 - INFO - Sent end of frame 77, packet 70/70
2025-07-24 17:02:34,376 - INFO - Frame 78: Sending 71 packets, total size 98068 bytes
2025-07-24 17:02:34,376 - INFO - Sent start of frame 78, total packets: 71
2025-07-24 17:02:34,461 - INFO - Sent end of frame 78, packet 70/70
2025-07-24 17:02:34,505 - INFO - Frame 79: Sending 71 packets, total size 97733 bytes
2025-07-24 17:02:34,506 - INFO - Sent start of frame 79, total packets: 71
2025-07-24 17:02:34,592 - INFO - Sent end of frame 79, packet 70/70
2025-07-24 17:02:34,635 - INFO - Frame 80: Sending 72 packets, total size 99792 bytes
2025-07-24 17:02:34,636 - INFO - Sent start of frame 80, total packets: 72
2025-07-24 17:02:34,723 - INFO - Sent end of frame 80, packet 71/71
2025-07-24 17:02:34,765 - INFO - Frame 81: Sending 71 packets, total size 97786 bytes
2025-07-24 17:02:34,765 - INFO - Sent start of frame 81, total packets: 71
2025-07-24 17:02:34,850 - INFO - Sent end of frame 81, packet 70/70
2025-07-24 17:02:34,894 - INFO - Frame 82: Sending 71 packets, total size 98472 bytes
2025-07-24 17:02:34,894 - INFO - Sent start of frame 82, total packets: 71
2025-07-24 17:02:34,977 - INFO - Sent end of frame 82, packet 70/70
2025-07-24 17:02:35,021 - INFO - Frame 83: Sending 71 packets, total size 98201 bytes
2025-07-24 17:02:35,021 - INFO - Sent start of frame 83, total packets: 71
2025-07-24 17:02:35,108 - INFO - Sent end of frame 83, packet 70/70
2025-07-24 17:02:35,151 - INFO - Frame 84: Sending 73 packets, total size 100276 bytes
2025-07-24 17:02:35,151 - INFO - Sent start of frame 84, total packets: 73
2025-07-24 17:02:35,242 - INFO - Sent end of frame 84, packet 72/72
2025-07-24 17:02:35,286 - INFO - Frame 85: Sending 71 packets, total size 98012 bytes
2025-07-24 17:02:35,286 - INFO - Sent start of frame 85, total packets: 71
2025-07-24 17:02:35,375 - INFO - Sent end of frame 85, packet 70/70
2025-07-24 17:02:35,421 - INFO - Frame 86: Sending 72 packets, total size 98635 bytes
2025-07-24 17:02:35,421 - INFO - Sent start of frame 86, total packets: 72
2025-07-24 17:02:35,511 - INFO - Sent end of frame 86, packet 71/71
2025-07-24 17:02:35,555 - INFO - Frame 87: Sending 71 packets, total size 98351 bytes
2025-07-24 17:02:35,555 - INFO - Sent start of frame 87, total packets: 71
2025-07-24 17:02:35,643 - INFO - Sent end of frame 87, packet 70/70
2025-07-24 17:02:35,687 - INFO - Frame 88: Sending 73 packets, total size 100351 bytes
2025-07-24 17:02:35,687 - INFO - Sent start of frame 88, total packets: 73
2025-07-24 17:02:35,778 - INFO - Sent end of frame 88, packet 72/72
2025-07-24 17:02:35,825 - INFO - Frame 89: Sending 73 packets, total size 100141 bytes
2025-07-24 17:02:35,825 - INFO - Sent start of frame 89, total packets: 73
2025-07-24 17:02:35,916 - INFO - Sent end of frame 89, packet 72/72
2025-07-24 17:02:35,961 - INFO - Frame 90: Sending 73 packets, total size 100874 bytes
2025-07-24 17:02:35,961 - INFO - Sent start of frame 90, total packets: 73
2025-07-24 17:02:36,048 - INFO - Sent end of frame 90, packet 72/72
2025-07-24 17:02:36,091 - INFO - Frame 91: Sending 72 packets, total size 98807 bytes
2025-07-24 17:02:36,091 - INFO - Sent start of frame 91, total packets: 72
2025-07-24 17:02:36,177 - INFO - Sent end of frame 91, packet 71/71
2025-07-24 17:02:36,220 - INFO - Frame 92: Sending 72 packets, total size 99504 bytes
2025-07-24 17:02:36,220 - INFO - Sent start of frame 92, total packets: 72
2025-07-24 17:02:36,307 - INFO - Sent end of frame 92, packet 71/71
2025-07-24 17:02:36,350 - INFO - Frame 93: Sending 72 packets, total size 98559 bytes
2025-07-24 17:02:36,350 - INFO - Sent start of frame 93, total packets: 72
2025-07-24 17:02:36,436 - INFO - Sent end of frame 93, packet 71/71
2025-07-24 17:02:36,478 - INFO - Frame 94: Sending 73 packets, total size 100301 bytes
2025-07-24 17:02:36,478 - INFO - Sent start of frame 94, total packets: 73
2025-07-24 17:02:36,566 - INFO - Sent end of frame 94, packet 72/72
2025-07-24 17:02:36,609 - INFO - Frame 95: Sending 71 packets, total size 98422 bytes
2025-07-24 17:02:36,609 - INFO - Sent start of frame 95, total packets: 71
2025-07-24 17:02:36,695 - INFO - Sent end of frame 95, packet 70/70
2025-07-24 17:02:36,739 - INFO - Frame 96: Sending 72 packets, total size 99095 bytes
2025-07-24 17:02:36,740 - INFO - Sent start of frame 96, total packets: 72
2025-07-24 17:02:36,827 - INFO - Sent end of frame 96, packet 71/71
2025-07-24 17:02:36,871 - INFO - Frame 97: Sending 71 packets, total size 98511 bytes
2025-07-24 17:02:36,871 - INFO - Sent start of frame 97, total packets: 71
2025-07-24 17:02:36,970 - INFO - Sent end of frame 97, packet 70/70
2025-07-24 17:02:37,030 - INFO - Frame 98: Sending 73 packets, total size 100628 bytes
2025-07-24 17:02:37,031 - INFO - Sent start of frame 98, total packets: 73
2025-07-24 17:02:37,121 - INFO - Sent end of frame 98, packet 72/72
2025-07-24 17:02:37,166 - INFO - Frame 99: Sending 71 packets, total size 98527 bytes
2025-07-24 17:02:37,166 - INFO - Sent start of frame 99, total packets: 71
2025-07-24 17:02:37,252 - INFO - Sent end of frame 99, packet 70/70
2025-07-24 17:02:37,297 - INFO - Frame 100: Sending 72 packets, total size 99089 bytes
2025-07-24 17:02:37,297 - INFO - Sent start of frame 100, total packets: 72
2025-07-24 17:02:37,388 - INFO - Sent end of frame 100, packet 71/71
2025-07-24 17:02:37,431 - INFO - Frame 101: Sending 72 packets, total size 98579 bytes
2025-07-24 17:02:37,432 - INFO - Sent start of frame 101, total packets: 72
2025-07-24 17:02:37,517 - INFO - Sent end of frame 101, packet 71/71
2025-07-24 17:02:37,562 - INFO - Frame 102: Sending 73 packets, total size 100705 bytes
2025-07-24 17:02:37,563 - INFO - Sent start of frame 102, total packets: 73
2025-07-24 17:02:37,655 - INFO - Sent end of frame 102, packet 72/72
2025-07-24 17:02:37,699 - INFO - Frame 103: Sending 72 packets, total size 98551 bytes
2025-07-24 17:02:37,699 - INFO - Sent start of frame 103, total packets: 72
2025-07-24 17:02:37,789 - INFO - Sent end of frame 103, packet 71/71
2025-07-24 17:02:37,833 - INFO - Frame 104: Sending 72 packets, total size 99219 bytes
2025-07-24 17:02:37,833 - INFO - Sent start of frame 104, total packets: 72
2025-07-24 17:02:37,922 - INFO - Sent end of frame 104, packet 71/71
2025-07-24 17:02:37,966 - INFO - Frame 105: Sending 72 packets, total size 99030 bytes
2025-07-24 17:02:37,966 - INFO - Sent start of frame 105, total packets: 72
2025-07-24 17:02:38,056 - INFO - Sent end of frame 105, packet 71/71
2025-07-24 17:02:38,101 - INFO - Frame 106: Sending 73 packets, total size 100995 bytes
2025-07-24 17:02:38,101 - INFO - Sent start of frame 106, total packets: 73
2025-07-24 17:02:38,191 - INFO - Sent end of frame 106, packet 72/72
2025-07-24 17:02:38,234 - INFO - Frame 107: Sending 72 packets, total size 98856 bytes
2025-07-24 17:02:38,234 - INFO - Sent start of frame 107, total packets: 72
2025-07-24 17:02:38,324 - INFO - Sent end of frame 107, packet 71/71
2025-07-24 17:02:38,370 - INFO - Frame 108: Sending 72 packets, total size 99230 bytes
2025-07-24 17:02:38,370 - INFO - Sent start of frame 108, total packets: 72
2025-07-24 17:02:38,459 - INFO - Sent end of frame 108, packet 71/71
2025-07-24 17:02:38,505 - INFO - Frame 109: Sending 72 packets, total size 98817 bytes
2025-07-24 17:02:38,505 - INFO - Sent start of frame 109, total packets: 72
2025-07-24 17:02:38,596 - INFO - Sent end of frame 109, packet 71/71
2025-07-24 17:02:38,639 - INFO - Frame 110: Sending 73 packets, total size 101028 bytes
2025-07-24 17:02:38,639 - INFO - Sent start of frame 110, total packets: 73
2025-07-24 17:02:38,728 - INFO - Sent end of frame 110, packet 72/72
2025-07-24 17:02:38,773 - INFO - Frame 111: Sending 72 packets, total size 98803 bytes
2025-07-24 17:02:38,774 - INFO - Sent start of frame 111, total packets: 72
2025-07-24 17:02:38,860 - INFO - Sent end of frame 111, packet 71/71
2025-07-24 17:02:38,905 - INFO - Frame 112: Sending 72 packets, total size 99404 bytes
2025-07-24 17:02:38,905 - INFO - Sent start of frame 112, total packets: 72
2025-07-24 17:02:38,994 - INFO - Sent end of frame 112, packet 71/71
2025-07-24 17:02:39,038 - INFO - Frame 113: Sending 72 packets, total size 99087 bytes
2025-07-24 17:02:39,038 - INFO - Sent start of frame 113, total packets: 72
2025-07-24 17:02:39,125 - INFO - Sent end of frame 113, packet 71/71
2025-07-24 17:02:39,168 - INFO - Frame 114: Sending 73 packets, total size 100914 bytes
2025-07-24 17:02:39,168 - INFO - Sent start of frame 114, total packets: 73
2025-07-24 17:02:39,254 - INFO - Sent end of frame 114, packet 72/72
2025-07-24 17:02:39,298 - INFO - Frame 115: Sending 72 packets, total size 98981 bytes
2025-07-24 17:02:39,298 - INFO - Sent start of frame 115, total packets: 72
2025-07-24 17:02:39,388 - INFO - Sent end of frame 115, packet 71/71
2025-07-24 17:02:39,433 - INFO - Frame 116: Sending 72 packets, total size 99509 bytes
2025-07-24 17:02:39,433 - INFO - Sent start of frame 116, total packets: 72
2025-07-24 17:02:39,523 - INFO - Sent end of frame 116, packet 71/71
2025-07-24 17:02:39,568 - INFO - Frame 117: Sending 72 packets, total size 98945 bytes
2025-07-24 17:02:39,569 - INFO - Sent start of frame 117, total packets: 72
2025-07-24 17:02:39,677 - INFO - Sent end of frame 117, packet 71/71
2025-07-24 17:02:39,718 - INFO - Frame 118: Sending 73 packets, total size 101120 bytes
2025-07-24 17:02:39,718 - INFO - Sent start of frame 118, total packets: 73
2025-07-24 17:02:39,810 - INFO - Sent end of frame 118, packet 72/72
2025-07-24 17:02:39,855 - INFO - Frame 119: Sending 72 packets, total size 98971 bytes
2025-07-24 17:02:39,855 - INFO - Sent start of frame 119, total packets: 72
2025-07-24 17:02:39,944 - INFO - Sent end of frame 119, packet 71/71
2025-07-24 17:02:39,989 - INFO - Frame 120: Sending 72 packets, total size 99056 bytes
2025-07-24 17:02:39,989 - INFO - Sent start of frame 120, total packets: 72
2025-07-24 17:02:40,077 - INFO - Sent end of frame 120, packet 71/71
2025-07-24 17:02:40,119 - INFO - Frame 121: Sending 72 packets, total size 99018 bytes
2025-07-24 17:02:40,120 - INFO - Sent start of frame 121, total packets: 72
2025-07-24 17:02:40,204 - INFO - Sent end of frame 121, packet 71/71
2025-07-24 17:02:40,250 - INFO - Frame 122: Sending 73 packets, total size 100783 bytes
2025-07-24 17:02:40,250 - INFO - Sent start of frame 122, total packets: 73
2025-07-24 17:02:40,341 - INFO - Sent end of frame 122, packet 72/72
2025-07-24 17:02:40,386 - INFO - Frame 123: Sending 72 packets, total size 98672 bytes
2025-07-24 17:02:40,387 - INFO - Sent start of frame 123, total packets: 72
2025-07-24 17:02:40,474 - INFO - Sent end of frame 123, packet 71/71
2025-07-24 17:02:40,518 - INFO - Frame 124: Sending 72 packets, total size 99359 bytes
2025-07-24 17:02:40,518 - INFO - Sent start of frame 124, total packets: 72
2025-07-24 17:02:40,609 - INFO - Sent end of frame 124, packet 71/71
2025-07-24 17:02:40,652 - INFO - Frame 125: Sending 72 packets, total size 98847 bytes
2025-07-24 17:02:40,653 - INFO - Sent start of frame 125, total packets: 72
2025-07-24 17:02:40,743 - INFO - Sent end of frame 125, packet 71/71
2025-07-24 17:02:40,786 - INFO - Frame 126: Sending 73 packets, total size 100984 bytes
2025-07-24 17:02:40,787 - INFO - Sent start of frame 126, total packets: 73
2025-07-24 17:02:40,879 - INFO - Sent end of frame 126, packet 72/72
2025-07-24 17:02:40,924 - INFO - Frame 127: Sending 72 packets, total size 98998 bytes
2025-07-24 17:02:40,924 - INFO - Sent start of frame 127, total packets: 72
2025-07-24 17:02:41,014 - INFO - Sent end of frame 127, packet 71/71
2025-07-24 17:02:41,059 - INFO - Frame 128: Sending 72 packets, total size 99393 bytes
2025-07-24 17:02:41,059 - INFO - Sent start of frame 128, total packets: 72
2025-07-24 17:02:41,148 - INFO - Sent end of frame 128, packet 71/71
2025-07-24 17:02:41,192 - INFO - Frame 129: Sending 72 packets, total size 98961 bytes
2025-07-24 17:02:41,193 - INFO - Sent start of frame 129, total packets: 72
2025-07-24 17:02:41,280 - INFO - Sent end of frame 129, packet 71/71
2025-07-24 17:02:41,325 - INFO - Frame 130: Sending 73 packets, total size 101027 bytes
2025-07-24 17:02:41,326 - INFO - Sent start of frame 130, total packets: 73
2025-07-24 17:02:41,416 - INFO - Sent end of frame 130, packet 72/72
2025-07-24 17:02:41,459 - INFO - Frame 131: Sending 72 packets, total size 98796 bytes
2025-07-24 17:02:41,460 - INFO - Sent start of frame 131, total packets: 72
2025-07-24 17:02:41,550 - INFO - Sent end of frame 131, packet 71/71
2025-07-24 17:02:41,595 - INFO - Frame 132: Sending 72 packets, total size 99357 bytes
2025-07-24 17:02:41,595 - INFO - Sent start of frame 132, total packets: 72
2025-07-24 17:02:41,682 - INFO - Sent end of frame 132, packet 71/71
2025-07-24 17:02:41,726 - INFO - Frame 133: Sending 72 packets, total size 98951 bytes
2025-07-24 17:02:41,726 - INFO - Sent start of frame 133, total packets: 72
2025-07-24 17:02:41,811 - INFO - Sent end of frame 133, packet 71/71
2025-07-24 17:02:41,856 - INFO - Frame 134: Sending 73 packets, total size 101039 bytes
2025-07-24 17:02:41,857 - INFO - Sent start of frame 134, total packets: 73
2025-07-24 17:02:41,946 - INFO - Sent end of frame 134, packet 72/72
2025-07-24 17:02:41,990 - INFO - Frame 135: Sending 72 packets, total size 98802 bytes
2025-07-24 17:02:41,991 - INFO - Sent start of frame 135, total packets: 72
2025-07-24 17:02:42,081 - INFO - Sent end of frame 135, packet 71/71
2025-07-24 17:02:42,126 - INFO - Frame 136: Sending 72 packets, total size 99106 bytes
2025-07-24 17:02:42,126 - INFO - Sent start of frame 136, total packets: 72
2025-07-24 17:02:42,214 - INFO - Sent end of frame 136, packet 71/71
2025-07-24 17:02:42,258 - INFO - Frame 137: Sending 72 packets, total size 98884 bytes
2025-07-24 17:02:42,258 - INFO - Sent start of frame 137, total packets: 72
2025-07-24 17:02:42,345 - INFO - Sent end of frame 137, packet 71/71
2025-07-24 17:02:42,389 - INFO - Frame 138: Sending 73 packets, total size 100799 bytes
2025-07-24 17:02:42,389 - INFO - Sent start of frame 138, total packets: 73
2025-07-24 17:02:42,480 - INFO - Sent end of frame 138, packet 72/72
2025-07-24 17:02:42,524 - INFO - Frame 139: Sending 72 packets, total size 98733 bytes
2025-07-24 17:02:42,524 - INFO - Sent start of frame 139, total packets: 72
2025-07-24 17:02:42,615 - INFO - Sent end of frame 139, packet 71/71
2025-07-24 17:02:42,662 - INFO - Frame 140: Sending 72 packets, total size 99294 bytes
2025-07-24 17:02:42,662 - INFO - Sent start of frame 140, total packets: 72
2025-07-24 17:02:42,747 - INFO - Sent end of frame 140, packet 71/71
2025-07-24 17:02:42,791 - INFO - Frame 141: Sending 72 packets, total size 99086 bytes
2025-07-24 17:02:42,791 - INFO - Sent start of frame 141, total packets: 72
2025-07-24 17:02:42,882 - INFO - Sent end of frame 141, packet 71/71
2025-07-24 17:02:42,927 - INFO - Frame 142: Sending 73 packets, total size 100942 bytes
2025-07-24 17:02:42,927 - INFO - Sent start of frame 142, total packets: 73
2025-07-24 17:02:43,016 - INFO - Sent end of frame 142, packet 72/72
2025-07-24 17:02:43,061 - INFO - Frame 143: Sending 72 packets, total size 98661 bytes
2025-07-24 17:02:43,062 - INFO - Sent start of frame 143, total packets: 72
2025-07-24 17:02:43,152 - INFO - Sent end of frame 143, packet 71/71
2025-07-24 17:02:43,195 - INFO - Frame 144: Sending 72 packets, total size 99097 bytes
2025-07-24 17:02:43,195 - INFO - Sent start of frame 144, total packets: 72
2025-07-24 17:02:43,287 - INFO - Sent end of frame 144, packet 71/71
2025-07-24 17:02:43,332 - INFO - Frame 145: Sending 72 packets, total size 98875 bytes
2025-07-24 17:02:43,333 - INFO - Sent start of frame 145, total packets: 72
2025-07-24 17:02:43,420 - INFO - Sent end of frame 145, packet 71/71
2025-07-24 17:02:43,464 - INFO - Frame 146: Sending 73 packets, total size 100647 bytes
2025-07-24 17:02:43,464 - INFO - Sent start of frame 146, total packets: 73
2025-07-24 17:02:43,555 - INFO - Sent end of frame 146, packet 72/72
2025-07-24 17:02:43,599 - INFO - Frame 147: Sending 71 packets, total size 98431 bytes
2025-07-24 17:02:43,599 - INFO - Sent start of frame 147, total packets: 71
2025-07-24 17:02:43,687 - INFO - Sent end of frame 147, packet 70/70
2025-07-24 17:02:43,732 - INFO - Frame 148: Sending 72 packets, total size 98850 bytes
2025-07-24 17:02:43,732 - INFO - Sent start of frame 148, total packets: 72
2025-07-24 17:02:43,820 - INFO - Sent end of frame 148, packet 71/71
2025-07-24 17:02:43,863 - INFO - Frame 149: Sending 72 packets, total size 98578 bytes
2025-07-24 17:02:43,864 - INFO - Sent start of frame 149, total packets: 72
2025-07-24 17:02:43,955 - INFO - Sent end of frame 149, packet 71/71
2025-07-24 17:02:43,999 - INFO - Frame 150: Sending 73 packets, total size 100331 bytes
2025-07-24 17:02:43,999 - INFO - Sent start of frame 150, total packets: 73
2025-07-24 17:02:44,089 - INFO - Sent end of frame 150, packet 72/72
2025-07-24 17:02:44,133 - INFO - Frame 151: Sending 71 packets, total size 98297 bytes
2025-07-24 17:02:44,134 - INFO - Sent start of frame 151, total packets: 71
2025-07-24 17:02:44,221 - INFO - Sent end of frame 151, packet 70/70
2025-07-24 17:02:44,267 - INFO - Frame 152: Sending 72 packets, total size 98753 bytes
2025-07-24 17:02:44,267 - INFO - Sent start of frame 152, total packets: 72
2025-07-24 17:02:44,354 - INFO - Sent end of frame 152, packet 71/71
2025-07-24 17:02:44,400 - INFO - Frame 153: Sending 71 packets, total size 98410 bytes
2025-07-24 17:02:44,400 - INFO - Sent start of frame 153, total packets: 71
2025-07-24 17:02:44,491 - INFO - Sent end of frame 153, packet 70/70
2025-07-24 17:02:44,544 - INFO - Frame 154: Sending 73 packets, total size 100442 bytes
2025-07-24 17:02:44,544 - INFO - Sent start of frame 154, total packets: 73
2025-07-24 17:02:44,637 - INFO - Sent end of frame 154, packet 72/72
2025-07-24 17:02:44,680 - INFO - Frame 155: Sending 71 packets, total size 98124 bytes
2025-07-24 17:02:44,681 - INFO - Sent start of frame 155, total packets: 71
2025-07-24 17:02:44,767 - INFO - Sent end of frame 155, packet 70/70
2025-07-24 17:02:44,811 - INFO - Frame 156: Sending 71 packets, total size 98536 bytes
2025-07-24 17:02:44,811 - INFO - Sent start of frame 156, total packets: 71
2025-07-24 17:02:44,901 - INFO - Sent end of frame 156, packet 70/70
2025-07-24 17:02:44,946 - INFO - Frame 157: Sending 71 packets, total size 98067 bytes
2025-07-24 17:02:44,946 - INFO - Sent start of frame 157, total packets: 71
2025-07-24 17:02:45,036 - INFO - Sent end of frame 157, packet 70/70
2025-07-24 17:02:45,080 - INFO - Frame 158: Sending 73 packets, total size 100114 bytes
2025-07-24 17:02:45,080 - INFO - Sent start of frame 158, total packets: 73
2025-07-24 17:02:45,171 - INFO - Sent end of frame 158, packet 72/72
2025-07-24 17:02:45,216 - INFO - Frame 159: Sending 71 packets, total size 97825 bytes
2025-07-24 17:02:45,216 - INFO - Sent start of frame 159, total packets: 71
2025-07-24 17:02:45,305 - INFO - Sent end of frame 159, packet 70/70
2025-07-24 17:02:45,350 - INFO - Frame 160: Sending 71 packets, total size 98348 bytes
2025-07-24 17:02:45,350 - INFO - Sent start of frame 160, total packets: 71
2025-07-24 17:02:45,440 - INFO - Sent end of frame 160, packet 70/70
2025-07-24 17:02:45,485 - INFO - Frame 161: Sending 71 packets, total size 97949 bytes
2025-07-24 17:02:45,485 - INFO - Sent start of frame 161, total packets: 71
2025-07-24 17:02:45,573 - INFO - Sent end of frame 161, packet 70/70
2025-07-24 17:02:45,619 - INFO - Frame 162: Sending 72 packets, total size 99772 bytes
2025-07-24 17:02:45,619 - INFO - Sent start of frame 162, total packets: 72
2025-07-24 17:02:45,710 - INFO - Sent end of frame 162, packet 71/71
2025-07-24 17:02:45,754 - INFO - Frame 163: Sending 71 packets, total size 97902 bytes
2025-07-24 17:02:45,755 - INFO - Sent start of frame 163, total packets: 71
2025-07-24 17:02:45,842 - INFO - Sent end of frame 163, packet 70/70
2025-07-24 17:02:45,887 - INFO - Frame 164: Sending 71 packets, total size 98125 bytes
2025-07-24 17:02:45,888 - INFO - Sent start of frame 164, total packets: 71
2025-07-24 17:02:45,975 - INFO - Sent end of frame 164, packet 70/70
2025-07-24 17:02:46,021 - INFO - Frame 165: Sending 71 packets, total size 97859 bytes
2025-07-24 17:02:46,021 - INFO - Sent start of frame 165, total packets: 71
2025-07-24 17:02:46,111 - INFO - Sent end of frame 165, packet 70/70
2025-07-24 17:02:46,152 - INFO - Frame 166: Sending 72 packets, total size 99526 bytes
2025-07-24 17:02:46,152 - INFO - Sent start of frame 166, total packets: 72
2025-07-24 17:02:46,241 - INFO - Sent end of frame 166, packet 71/71
2025-07-24 17:02:46,285 - INFO - Frame 167: Sending 71 packets, total size 97397 bytes
2025-07-24 17:02:46,285 - INFO - Sent start of frame 167, total packets: 71
2025-07-24 17:02:46,373 - INFO - Sent end of frame 167, packet 70/70
2025-07-24 17:02:46,419 - INFO - Frame 168: Sending 71 packets, total size 97659 bytes
2025-07-24 17:02:46,419 - INFO - Sent start of frame 168, total packets: 71
2025-07-24 17:02:46,509 - INFO - Sent end of frame 168, packet 70/70
2025-07-24 17:02:46,553 - INFO - Frame 169: Sending 71 packets, total size 97380 bytes
2025-07-24 17:02:46,553 - INFO - Sent start of frame 169, total packets: 71
2025-07-24 17:02:46,645 - INFO - Sent end of frame 169, packet 70/70
2025-07-24 17:02:46,688 - INFO - Frame 170: Sending 72 packets, total size 98998 bytes
2025-07-24 17:02:46,689 - INFO - Sent start of frame 170, total packets: 72
2025-07-24 17:02:46,772 - INFO - Sent end of frame 170, packet 71/71
2025-07-24 17:02:46,817 - INFO - Frame 171: Sending 70 packets, total size 97132 bytes
2025-07-24 17:02:46,817 - INFO - Sent start of frame 171, total packets: 70
2025-07-24 17:02:46,905 - INFO - Sent end of frame 171, packet 69/69
2025-07-24 17:02:46,950 - INFO - Frame 172: Sending 71 packets, total size 97436 bytes
2025-07-24 17:02:46,950 - INFO - Sent start of frame 172, total packets: 71
2025-07-24 17:02:47,036 - INFO - Sent end of frame 172, packet 70/70
2025-07-24 17:02:47,082 - INFO - Frame 173: Sending 70 packets, total size 97077 bytes
2025-07-24 17:02:47,082 - INFO - Sent start of frame 173, total packets: 70
2025-07-24 17:02:47,169 - INFO - Sent end of frame 173, packet 69/69
2025-07-24 17:02:47,211 - INFO - Frame 174: Sending 72 packets, total size 98727 bytes
2025-07-24 17:02:47,212 - INFO - Sent start of frame 174, total packets: 72
2025-07-24 17:02:47,304 - INFO - Sent end of frame 174, packet 71/71
2025-07-24 17:02:47,348 - INFO - Frame 175: Sending 70 packets, total size 96889 bytes
2025-07-24 17:02:47,348 - INFO - Sent start of frame 175, total packets: 70
2025-07-24 17:02:47,435 - INFO - Sent end of frame 175, packet 69/69
2025-07-24 17:02:47,478 - INFO - Frame 176: Sending 71 packets, total size 97493 bytes
2025-07-24 17:02:47,478 - INFO - Sent start of frame 176, total packets: 71
2025-07-24 17:02:47,562 - INFO - Sent end of frame 176, packet 70/70
2025-07-24 17:02:47,608 - INFO - Frame 177: Sending 70 packets, total size 96979 bytes
2025-07-24 17:02:47,608 - INFO - Sent start of frame 177, total packets: 70
2025-07-24 17:02:47,696 - INFO - Sent end of frame 177, packet 69/69
2025-07-24 17:02:47,738 - INFO - Frame 178: Sending 71 packets, total size 98425 bytes
2025-07-24 17:02:47,738 - INFO - Sent start of frame 178, total packets: 71
2025-07-24 17:02:47,828 - INFO - Sent end of frame 178, packet 70/70
2025-07-24 17:02:47,872 - INFO - Frame 179: Sending 71 packets, total size 98409 bytes
2025-07-24 17:02:47,872 - INFO - Sent start of frame 179, total packets: 71
2025-07-24 17:02:47,960 - INFO - Sent end of frame 179, packet 70/70
2025-07-24 17:02:48,004 - INFO - Frame 180: Sending 71 packets, total size 98267 bytes
2025-07-24 17:02:48,004 - INFO - Sent start of frame 180, total packets: 71
2025-07-24 17:02:48,092 - INFO - Sent end of frame 180, packet 70/70
2025-07-24 17:02:48,136 - INFO - Frame 181: Sending 70 packets, total size 96316 bytes
2025-07-24 17:02:48,137 - INFO - Sent start of frame 181, total packets: 70
2025-07-24 17:02:48,222 - INFO - Sent end of frame 181, packet 69/69
2025-07-24 17:02:48,266 - INFO - Frame 182: Sending 70 packets, total size 96188 bytes
2025-07-24 17:02:48,266 - INFO - Sent start of frame 182, total packets: 70
2025-07-24 17:02:48,355 - INFO - Sent end of frame 182, packet 69/69
2025-07-24 17:02:48,398 - INFO - Frame 183: Sending 69 packets, total size 95767 bytes
2025-07-24 17:02:48,399 - INFO - Sent start of frame 183, total packets: 69
2025-07-24 17:02:48,485 - INFO - Sent end of frame 183, packet 68/68
2025-07-24 17:02:48,528 - INFO - Frame 184: Sending 71 packets, total size 97196 bytes
2025-07-24 17:02:48,529 - INFO - Sent start of frame 184, total packets: 71
2025-07-24 17:02:48,620 - INFO - Sent end of frame 184, packet 70/70
2025-07-24 17:02:48,664 - INFO - Frame 185: Sending 69 packets, total size 95358 bytes
2025-07-24 17:02:48,664 - INFO - Sent start of frame 185, total packets: 69
2025-07-24 17:02:48,746 - INFO - Sent end of frame 185, packet 68/68
2025-07-24 17:02:48,789 - INFO - Frame 186: Sending 69 packets, total size 95708 bytes
2025-07-24 17:02:48,790 - INFO - Sent start of frame 186, total packets: 69
2025-07-24 17:02:48,872 - INFO - Sent end of frame 186, packet 68/68
2025-07-24 17:02:48,917 - INFO - Frame 187: Sending 69 packets, total size 95629 bytes
2025-07-24 17:02:48,917 - INFO - Sent start of frame 187, total packets: 69
2025-07-24 17:02:49,001 - INFO - Sent end of frame 187, packet 68/68
2025-07-24 17:02:49,044 - INFO - Frame 188: Sending 71 packets, total size 97238 bytes
2025-07-24 17:02:49,044 - INFO - Sent start of frame 188, total packets: 71
2025-07-24 17:02:49,131 - INFO - Sent end of frame 188, packet 70/70
2025-07-24 17:02:49,175 - INFO - Frame 189: Sending 69 packets, total size 95285 bytes
2025-07-24 17:02:49,175 - INFO - Sent start of frame 189, total packets: 69
2025-07-24 17:02:49,262 - INFO - Sent end of frame 189, packet 68/68
2025-07-24 17:02:49,307 - INFO - Frame 190: Sending 69 packets, total size 95610 bytes
2025-07-24 17:02:49,308 - INFO - Sent start of frame 190, total packets: 69
2025-07-24 17:02:49,395 - INFO - Sent end of frame 190, packet 68/68
2025-07-24 17:02:49,438 - INFO - Frame 191: Sending 69 packets, total size 95397 bytes
2025-07-24 17:02:49,438 - INFO - Sent start of frame 191, total packets: 69
2025-07-24 17:02:49,524 - INFO - Sent end of frame 191, packet 68/68
2025-07-24 17:02:49,569 - INFO - Frame 192: Sending 71 packets, total size 97220 bytes
2025-07-24 17:02:49,570 - INFO - Sent start of frame 192, total packets: 71
2025-07-24 17:02:49,660 - INFO - Sent end of frame 192, packet 70/70
2025-07-24 17:02:49,704 - INFO - Frame 193: Sending 69 packets, total size 95318 bytes
2025-07-24 17:02:49,704 - INFO - Sent start of frame 193, total packets: 69
2025-07-24 17:02:49,789 - INFO - Sent end of frame 193, packet 68/68
2025-07-24 17:02:49,834 - INFO - Frame 194: Sending 69 packets, total size 95589 bytes
2025-07-24 17:02:49,834 - INFO - Sent start of frame 194, total packets: 69
2025-07-24 17:02:49,922 - INFO - Sent end of frame 194, packet 68/68
2025-07-24 17:02:49,967 - INFO - Frame 195: Sending 69 packets, total size 95326 bytes
2025-07-24 17:02:49,967 - INFO - Sent start of frame 195, total packets: 69
2025-07-24 17:02:50,052 - INFO - Sent end of frame 195, packet 68/68
2025-07-24 17:02:50,097 - INFO - Frame 196: Sending 71 packets, total size 97221 bytes
2025-07-24 17:02:50,097 - INFO - Sent start of frame 196, total packets: 71
2025-07-24 17:02:50,188 - INFO - Sent end of frame 196, packet 70/70
2025-07-24 17:02:50,233 - INFO - Frame 197: Sending 69 packets, total size 95111 bytes
2025-07-24 17:02:50,239 - INFO - Sent start of frame 197, total packets: 69
2025-07-24 17:02:50,324 - INFO - Sent end of frame 197, packet 68/68
2025-07-24 17:02:50,368 - INFO - Frame 198: Sending 69 packets, total size 95339 bytes
2025-07-24 17:02:50,368 - INFO - Sent start of frame 198, total packets: 69
2025-07-24 17:02:50,454 - INFO - Sent end of frame 198, packet 68/68
2025-07-24 17:02:50,499 - INFO - Frame 199: Sending 69 packets, total size 95030 bytes
2025-07-24 17:02:50,499 - INFO - Sent start of frame 199, total packets: 69
2025-07-24 17:02:50,584 - INFO - Sent end of frame 199, packet 68/68
2025-07-24 17:02:50,628 - INFO - Frame 200: Sending 70 packets, total size 96838 bytes
2025-07-24 17:02:50,628 - INFO - Sent start of frame 200, total packets: 70
2025-07-24 17:02:50,713 - INFO - Sent end of frame 200, packet 69/69
2025-07-24 17:02:50,755 - INFO - Frame 201: Sending 69 packets, total size 94932 bytes
2025-07-24 17:02:50,756 - INFO - Sent start of frame 201, total packets: 69
2025-07-24 17:02:50,839 - INFO - Sent end of frame 201, packet 68/68
2025-07-24 17:02:50,885 - INFO - Frame 202: Sending 69 packets, total size 95091 bytes
2025-07-24 17:02:50,886 - INFO - Sent start of frame 202, total packets: 69
2025-07-24 17:02:50,974 - INFO - Sent end of frame 202, packet 68/68
2025-07-24 17:02:51,018 - INFO - Frame 203: Sending 69 packets, total size 94738 bytes
2025-07-24 17:02:51,018 - INFO - Sent start of frame 203, total packets: 69
2025-07-24 17:02:51,100 - INFO - Sent end of frame 203, packet 68/68
2025-07-24 17:02:51,144 - INFO - Frame 204: Sending 70 packets, total size 96296 bytes
2025-07-24 17:02:51,144 - INFO - Sent start of frame 204, total packets: 70
2025-07-24 17:02:51,226 - INFO - Sent end of frame 204, packet 69/69
2025-07-24 17:02:51,270 - INFO - Frame 205: Sending 69 packets, total size 94500 bytes
2025-07-24 17:02:51,270 - INFO - Sent start of frame 205, total packets: 69
2025-07-24 17:02:51,352 - INFO - Sent end of frame 205, packet 68/68
2025-07-24 17:02:51,395 - INFO - Frame 206: Sending 69 packets, total size 94746 bytes
2025-07-24 17:02:51,395 - INFO - Sent start of frame 206, total packets: 69
2025-07-24 17:02:51,477 - INFO - Sent end of frame 206, packet 68/68
2025-07-24 17:02:51,520 - INFO - Frame 207: Sending 69 packets, total size 94554 bytes
2025-07-24 17:02:51,520 - INFO - Sent start of frame 207, total packets: 69
2025-07-24 17:02:51,602 - INFO - Sent end of frame 207, packet 68/68
2025-07-24 17:02:51,646 - INFO - Frame 208: Sending 70 packets, total size 95967 bytes
2025-07-24 17:02:51,646 - INFO - Sent start of frame 208, total packets: 70
2025-07-24 17:02:51,729 - INFO - Sent end of frame 208, packet 69/69
2025-07-24 17:02:51,773 - INFO - Frame 209: Sending 68 packets, total size 94082 bytes
2025-07-24 17:02:51,773 - INFO - Sent start of frame 209, total packets: 68
2025-07-24 17:02:51,853 - INFO - Sent end of frame 209, packet 67/67
2025-07-24 17:02:51,898 - INFO - Frame 210: Sending 69 packets, total size 94416 bytes
2025-07-24 17:02:51,898 - INFO - Sent start of frame 210, total packets: 69
2025-07-24 17:02:51,986 - INFO - Sent end of frame 210, packet 68/68
2025-07-24 17:02:52,031 - INFO - Frame 211: Sending 68 packets, total size 94159 bytes
2025-07-24 17:02:52,031 - INFO - Sent start of frame 211, total packets: 68
2025-07-24 17:02:52,113 - INFO - Sent end of frame 211, packet 67/67
2025-07-24 17:02:52,157 - INFO - Frame 212: Sending 69 packets, total size 95700 bytes
2025-07-24 17:02:52,157 - INFO - Sent start of frame 212, total packets: 69
2025-07-24 17:02:52,240 - INFO - Sent end of frame 212, packet 68/68
2025-07-24 17:02:52,284 - INFO - Frame 213: Sending 68 packets, total size 93741 bytes
2025-07-24 17:02:52,285 - INFO - Sent start of frame 213, total packets: 68
2025-07-24 17:02:52,366 - INFO - Sent end of frame 213, packet 67/67
2025-07-24 17:02:52,411 - INFO - Frame 214: Sending 68 packets, total size 94130 bytes
2025-07-24 17:02:52,411 - INFO - Sent start of frame 214, total packets: 68
2025-07-24 17:02:52,495 - INFO - Sent end of frame 214, packet 67/67
2025-07-24 17:02:52,540 - INFO - Frame 215: Sending 68 packets, total size 93659 bytes
2025-07-24 17:02:52,540 - INFO - Sent start of frame 215, total packets: 68
2025-07-24 17:02:52,623 - INFO - Sent end of frame 215, packet 67/67
2025-07-24 17:02:52,669 - INFO - Frame 216: Sending 69 packets, total size 95255 bytes
2025-07-24 17:02:52,669 - INFO - Sent start of frame 216, total packets: 69
2025-07-24 17:02:52,811 - INFO - Sent end of frame 216, packet 68/68
2025-07-24 17:02:52,850 - INFO - Frame 217: Sending 68 packets, total size 93437 bytes
2025-07-24 17:02:52,851 - INFO - Sent start of frame 217, total packets: 68
2025-07-24 17:02:52,931 - INFO - Sent end of frame 217, packet 67/67
2025-07-24 17:02:52,976 - INFO - Frame 218: Sending 68 packets, total size 93775 bytes
2025-07-24 17:02:52,976 - INFO - Sent start of frame 218, total packets: 68
2025-07-24 17:02:53,057 - INFO - Sent end of frame 218, packet 67/67
2025-07-24 17:02:53,101 - INFO - Frame 219: Sending 68 packets, total size 93502 bytes
2025-07-24 17:02:53,102 - INFO - Sent start of frame 219, total packets: 68
2025-07-24 17:02:53,185 - INFO - Sent end of frame 219, packet 67/67
2025-07-24 17:02:53,229 - INFO - Frame 220: Sending 69 packets, total size 95170 bytes
2025-07-24 17:02:53,229 - INFO - Sent start of frame 220, total packets: 69
2025-07-24 17:02:53,314 - INFO - Sent end of frame 220, packet 68/68
2025-07-24 17:02:53,358 - INFO - Frame 221: Sending 68 packets, total size 93341 bytes
2025-07-24 17:02:53,359 - INFO - Sent start of frame 221, total packets: 68
2025-07-24 17:02:53,443 - INFO - Sent end of frame 221, packet 67/67
2025-07-24 17:02:53,485 - INFO - Frame 222: Sending 68 packets, total size 93811 bytes
2025-07-24 17:02:53,485 - INFO - Sent start of frame 222, total packets: 68
2025-07-24 17:02:53,571 - INFO - Sent end of frame 222, packet 67/67
2025-07-24 17:02:53,616 - INFO - Frame 223: Sending 68 packets, total size 93533 bytes
2025-07-24 17:02:53,617 - INFO - Sent start of frame 223, total packets: 68
2025-07-24 17:02:53,701 - INFO - Sent end of frame 223, packet 67/67
2025-07-24 17:02:53,745 - INFO - Frame 224: Sending 69 packets, total size 94996 bytes
2025-07-24 17:02:53,745 - INFO - Sent start of frame 224, total packets: 69
2025-07-24 17:02:53,829 - INFO - Sent end of frame 224, packet 68/68
2025-07-24 17:02:53,874 - INFO - Frame 225: Sending 68 packets, total size 93063 bytes
2025-07-24 17:02:53,875 - INFO - Sent start of frame 225, total packets: 68
2025-07-24 17:02:53,958 - INFO - Sent end of frame 225, packet 67/67
2025-07-24 17:02:54,004 - INFO - Frame 226: Sending 68 packets, total size 93621 bytes
2025-07-24 17:02:54,005 - INFO - Sent start of frame 226, total packets: 68
2025-07-24 17:02:54,089 - INFO - Sent end of frame 226, packet 67/67
2025-07-24 17:02:54,128 - INFO - Frame 227: Sending 68 packets, total size 93351 bytes
2025-07-24 17:02:54,128 - INFO - Sent start of frame 227, total packets: 68
2025-07-24 17:02:54,209 - INFO - Sent end of frame 227, packet 67/67
2025-07-24 17:02:54,250 - INFO - Frame 228: Sending 69 packets, total size 94912 bytes
2025-07-24 17:02:54,250 - INFO - Sent start of frame 228, total packets: 69
2025-07-24 17:02:54,331 - INFO - Sent end of frame 228, packet 68/68
2025-07-24 17:02:54,373 - INFO - Frame 229: Sending 67 packets, total size 92593 bytes
2025-07-24 17:02:54,373 - INFO - Sent start of frame 229, total packets: 67
2025-07-24 17:02:54,456 - INFO - Sent end of frame 229, packet 66/66
2025-07-24 17:02:54,501 - INFO - Frame 230: Sending 68 packets, total size 93167 bytes
2025-07-24 17:02:54,502 - INFO - Sent start of frame 230, total packets: 68
2025-07-24 17:02:54,581 - INFO - Sent end of frame 230, packet 67/67
2025-07-24 17:02:54,625 - INFO - Frame 231: Sending 67 packets, total size 92791 bytes
2025-07-24 17:02:54,626 - INFO - Sent start of frame 231, total packets: 67
2025-07-24 17:02:54,705 - INFO - Sent end of frame 231, packet 66/66
2025-07-24 17:02:54,748 - INFO - Frame 232: Sending 69 packets, total size 94930 bytes
2025-07-24 17:02:54,748 - INFO - Sent start of frame 232, total packets: 69
2025-07-24 17:02:54,829 - INFO - Sent end of frame 232, packet 68/68
2025-07-24 17:02:54,873 - INFO - Frame 233: Sending 67 packets, total size 92681 bytes
2025-07-24 17:02:54,874 - INFO - Sent start of frame 233, total packets: 67
2025-07-24 17:02:54,953 - INFO - Sent end of frame 233, packet 66/66
2025-07-24 17:02:54,997 - INFO - Frame 234: Sending 67 packets, total size 92743 bytes
2025-07-24 17:02:54,998 - INFO - Sent start of frame 234, total packets: 67
2025-07-24 17:02:55,079 - INFO - Sent end of frame 234, packet 66/66
2025-07-24 17:02:55,124 - INFO - Frame 235: Sending 67 packets, total size 92290 bytes
2025-07-24 17:02:55,124 - INFO - Sent start of frame 235, total packets: 67
2025-07-24 17:02:55,248 - INFO - Sent end of frame 235, packet 66/66
2025-07-24 17:02:55,290 - INFO - Frame 236: Sending 68 packets, total size 94247 bytes
2025-07-24 17:02:55,290 - INFO - Sent start of frame 236, total packets: 68
2025-07-24 17:02:55,371 - INFO - Sent end of frame 236, packet 67/67
2025-07-24 17:02:55,412 - INFO - Frame 237: Sending 67 packets, total size 92430 bytes
2025-07-24 17:02:55,413 - INFO - Sent start of frame 237, total packets: 67
2025-07-24 17:02:55,491 - INFO - Sent end of frame 237, packet 66/66
2025-07-24 17:02:55,533 - INFO - Frame 238: Sending 67 packets, total size 92337 bytes
2025-07-24 17:02:55,533 - INFO - Sent start of frame 238, total packets: 67
2025-07-24 17:02:55,611 - INFO - Sent end of frame 238, packet 66/66
2025-07-24 17:02:55,654 - INFO - Frame 239: Sending 67 packets, total size 91929 bytes
2025-07-24 17:02:55,655 - INFO - Sent start of frame 239, total packets: 67
2025-07-24 17:02:55,734 - INFO - Sent end of frame 239, packet 66/66
2025-07-24 17:02:55,778 - INFO - Frame 240: Sending 68 packets, total size 93483 bytes
2025-07-24 17:02:55,778 - INFO - Sent start of frame 240, total packets: 68
2025-07-24 17:02:55,859 - INFO - Sent end of frame 240, packet 67/67
2025-07-24 17:02:55,905 - INFO - Frame 241: Sending 67 packets, total size 92300 bytes
2025-07-24 17:02:55,905 - INFO - Sent start of frame 241, total packets: 67
2025-07-24 17:02:55,986 - INFO - Sent end of frame 241, packet 66/66
2025-07-24 17:02:56,031 - INFO - Frame 242: Sending 68 packets, total size 93445 bytes
2025-07-24 17:02:56,032 - INFO - Sent start of frame 242, total packets: 68
2025-07-24 17:02:56,113 - INFO - Sent end of frame 242, packet 67/67
2025-07-24 17:02:56,157 - INFO - Frame 243: Sending 66 packets, total size 91436 bytes
2025-07-24 17:02:56,157 - INFO - Sent start of frame 243, total packets: 66
2025-07-24 17:02:56,237 - INFO - Sent end of frame 243, packet 65/65
2025-07-24 17:02:56,277 - INFO - Frame 244: Sending 67 packets, total size 91751 bytes
2025-07-24 17:02:56,278 - INFO - Sent start of frame 244, total packets: 67
2025-07-24 17:02:56,358 - INFO - Sent end of frame 244, packet 66/66
2025-07-24 17:02:56,402 - INFO - Frame 245: Sending 67 packets, total size 91609 bytes
2025-07-24 17:02:56,402 - INFO - Sent start of frame 245, total packets: 67
2025-07-24 17:02:56,483 - INFO - Sent end of frame 245, packet 66/66
2025-07-24 17:02:56,528 - INFO - Frame 246: Sending 68 packets, total size 93330 bytes
2025-07-24 17:02:56,528 - INFO - Sent start of frame 246, total packets: 68
2025-07-24 17:02:56,610 - INFO - Sent end of frame 246, packet 67/67
2025-07-24 17:02:56,654 - INFO - Frame 247: Sending 66 packets, total size 91294 bytes
2025-07-24 17:02:56,655 - INFO - Sent start of frame 247, total packets: 66
2025-07-24 17:02:56,734 - INFO - Sent end of frame 247, packet 65/65
2025-07-24 17:02:56,777 - INFO - Frame 248: Sending 67 packets, total size 91659 bytes
2025-07-24 17:02:56,777 - INFO - Sent start of frame 248, total packets: 67
2025-07-24 17:02:56,858 - INFO - Sent end of frame 248, packet 66/66
2025-07-24 17:02:56,902 - INFO - Frame 249: Sending 66 packets, total size 91254 bytes
2025-07-24 17:02:56,903 - INFO - Sent start of frame 249, total packets: 66
2025-07-24 17:02:56,982 - INFO - Sent end of frame 249, packet 65/65
2025-07-24 17:02:57,025 - INFO - Frame 250: Sending 68 packets, total size 93259 bytes
2025-07-24 17:02:57,025 - INFO - Sent start of frame 250, total packets: 68
2025-07-24 17:02:57,106 - INFO - Sent end of frame 250, packet 67/67
2025-07-24 17:02:57,149 - INFO - Frame 251: Sending 66 packets, total size 91342 bytes
2025-07-24 17:02:57,150 - INFO - Sent start of frame 251, total packets: 66
2025-07-24 17:02:57,227 - INFO - Sent end of frame 251, packet 65/65
2025-07-24 17:02:57,269 - INFO - Frame 252: Sending 66 packets, total size 91454 bytes
2025-07-24 17:02:57,269 - INFO - Sent start of frame 252, total packets: 66
2025-07-24 17:02:57,349 - INFO - Sent end of frame 252, packet 65/65
2025-07-24 17:02:57,395 - INFO - Frame 253: Sending 66 packets, total size 91255 bytes
2025-07-24 17:02:57,395 - INFO - Sent start of frame 253, total packets: 66
2025-07-24 17:02:57,479 - INFO - Sent end of frame 253, packet 65/65
2025-07-24 17:02:57,524 - INFO - Frame 254: Sending 67 packets, total size 92979 bytes
2025-07-24 17:02:57,524 - INFO - Sent start of frame 254, total packets: 67
2025-07-24 17:02:57,603 - INFO - Sent end of frame 254, packet 66/66
2025-07-24 17:02:57,645 - INFO - Frame 255: Sending 66 packets, total size 90919 bytes
2025-07-24 17:02:57,645 - INFO - Sent start of frame 255, total packets: 66
2025-07-24 17:02:57,723 - INFO - Sent end of frame 255, packet 65/65
2025-07-24 17:02:57,768 - INFO - Frame 256: Sending 66 packets, total size 91388 bytes
2025-07-24 17:02:57,768 - INFO - Sent start of frame 256, total packets: 66
2025-07-24 17:02:57,846 - INFO - Sent end of frame 256, packet 65/65
2025-07-24 17:02:57,891 - INFO - Frame 257: Sending 66 packets, total size 91158 bytes
2025-07-24 17:02:57,891 - INFO - Sent start of frame 257, total packets: 66
2025-07-24 17:02:57,971 - INFO - Sent end of frame 257, packet 65/65
2025-07-24 17:02:58,016 - INFO - Frame 258: Sending 67 packets, total size 92801 bytes
2025-07-24 17:02:58,016 - INFO - Sent start of frame 258, total packets: 67
2025-07-24 17:02:58,096 - INFO - Sent end of frame 258, packet 66/66
2025-07-24 17:02:58,139 - INFO - Frame 259: Sending 66 packets, total size 90869 bytes
2025-07-24 17:02:58,139 - INFO - Sent start of frame 259, total packets: 66
2025-07-24 17:02:58,219 - INFO - Sent end of frame 259, packet 65/65
2025-07-24 17:02:58,261 - INFO - Frame 260: Sending 66 packets, total size 91046 bytes
2025-07-24 17:02:58,261 - INFO - Sent start of frame 260, total packets: 66
2025-07-24 17:02:58,339 - INFO - Sent end of frame 260, packet 65/65
2025-07-24 17:02:58,382 - INFO - Frame 261: Sending 66 packets, total size 90695 bytes
2025-07-24 17:02:58,382 - INFO - Sent start of frame 261, total packets: 66
2025-07-24 17:02:58,460 - INFO - Sent end of frame 261, packet 65/65
2025-07-24 17:02:58,504 - INFO - Frame 262: Sending 67 packets, total size 92456 bytes
2025-07-24 17:02:58,504 - INFO - Sent start of frame 262, total packets: 67
2025-07-24 17:02:58,590 - INFO - Sent end of frame 262, packet 66/66
2025-07-24 17:02:58,634 - INFO - Frame 263: Sending 66 packets, total size 90690 bytes
2025-07-24 17:02:58,635 - INFO - Sent start of frame 263, total packets: 66
2025-07-24 17:02:58,716 - INFO - Sent end of frame 263, packet 65/65
2025-07-24 17:02:58,761 - INFO - Frame 264: Sending 66 packets, total size 91025 bytes
2025-07-24 17:02:58,761 - INFO - Sent start of frame 264, total packets: 66
2025-07-24 17:02:58,839 - INFO - Sent end of frame 264, packet 65/65
2025-07-24 17:02:58,883 - INFO - Frame 265: Sending 66 packets, total size 90778 bytes
2025-07-24 17:02:58,883 - INFO - Sent start of frame 265, total packets: 66
2025-07-24 17:03:31,691 - INFO - === Starting new sender session ===
2025-07-24 17:03:31,691 - INFO - Starting video sender...
2025-07-24 17:03:31,692 - INFO - Streaming test_video.mp4 to 127.0.0.1:5005
2025-07-24 17:03:31,692 - INFO - Press Ctrl+C to stop
2025-07-24 17:03:31,718 - INFO - Starting video stream from test_video.mp4
2025-07-24 17:03:31,718 - INFO - Sending to 127.0.0.1:5005
2025-07-24 17:03:31,748 - INFO - Frame 0: Sending 69 packets, total size 94493 bytes
2025-07-24 17:03:31,748 - INFO - Sent start of frame 0, total packets: 69
2025-07-24 17:03:31,833 - INFO - Sent end of frame 0, packet 68/68
2025-07-24 17:03:31,877 - INFO - Frame 1: Sending 67 packets, total size 92956 bytes
2025-07-24 17:03:31,878 - INFO - Sent start of frame 1, total packets: 67
2025-07-24 17:03:31,958 - INFO - Sent end of frame 1, packet 66/66
2025-07-24 17:03:32,004 - INFO - Frame 2: Sending 68 packets, total size 93132 bytes
2025-07-24 17:03:32,004 - INFO - Sent start of frame 2, total packets: 68
2025-07-24 17:03:32,088 - INFO - Sent end of frame 2, packet 67/67
2025-07-24 17:03:32,134 - INFO - Frame 3: Sending 68 packets, total size 93147 bytes
2025-07-24 17:03:32,134 - INFO - Sent start of frame 3, total packets: 68
2025-07-24 17:03:32,218 - INFO - Sent end of frame 3, packet 67/67
2025-07-24 17:03:32,263 - INFO - Frame 4: Sending 69 packets, total size 94667 bytes
2025-07-24 17:03:32,263 - INFO - Sent start of frame 4, total packets: 69
2025-07-24 17:03:32,353 - INFO - Sent end of frame 4, packet 68/68
2025-07-24 17:03:32,394 - INFO - Frame 5: Sending 68 packets, total size 93158 bytes
2025-07-24 17:03:32,394 - INFO - Sent start of frame 5, total packets: 68
2025-07-24 17:03:32,477 - INFO - Sent end of frame 5, packet 67/67
2025-07-24 17:03:32,520 - INFO - Frame 6: Sending 68 packets, total size 93527 bytes
2025-07-24 17:03:32,521 - INFO - Sent start of frame 6, total packets: 68
2025-07-24 17:03:32,600 - INFO - Sent end of frame 6, packet 67/67
2025-07-24 17:03:32,643 - INFO - Frame 7: Sending 68 packets, total size 93366 bytes
2025-07-24 17:03:32,644 - INFO - Sent start of frame 7, total packets: 68
2025-07-24 17:03:32,725 - INFO - Sent end of frame 7, packet 67/67
2025-07-24 17:03:32,770 - INFO - Frame 8: Sending 69 packets, total size 95007 bytes
2025-07-24 17:03:32,770 - INFO - Sent start of frame 8, total packets: 69
2025-07-24 17:03:32,852 - INFO - Sent end of frame 8, packet 68/68
2025-07-24 17:03:32,897 - INFO - Frame 9: Sending 68 packets, total size 93477 bytes
2025-07-24 17:03:32,897 - INFO - Sent start of frame 9, total packets: 68
2025-07-24 17:03:32,981 - INFO - Sent end of frame 9, packet 67/67
2025-07-24 17:03:33,023 - INFO - Frame 10: Sending 68 packets, total size 93848 bytes
2025-07-24 17:03:33,023 - INFO - Sent start of frame 10, total packets: 68
2025-07-24 17:03:33,106 - INFO - Sent end of frame 10, packet 67/67
2025-07-24 17:03:33,149 - INFO - Frame 11: Sending 68 packets, total size 93970 bytes
2025-07-24 17:03:33,149 - INFO - Sent start of frame 11, total packets: 68
2025-07-24 17:03:33,232 - INFO - Sent end of frame 11, packet 67/67
2025-07-24 17:03:33,278 - INFO - Frame 12: Sending 69 packets, total size 95474 bytes
2025-07-24 17:03:33,295 - INFO - Sent start of frame 12, total packets: 69
2025-07-24 17:03:33,381 - INFO - Sent end of frame 12, packet 68/68
2025-07-24 17:03:33,426 - INFO - Frame 13: Sending 68 packets, total size 93833 bytes
2025-07-24 17:03:33,426 - INFO - Sent start of frame 13, total packets: 68
2025-07-24 17:03:33,510 - INFO - Sent end of frame 13, packet 67/67
2025-07-24 17:03:33,556 - INFO - Frame 14: Sending 69 packets, total size 94598 bytes
2025-07-24 17:03:33,556 - INFO - Sent start of frame 14, total packets: 69
2025-07-24 17:03:33,644 - INFO - Sent end of frame 14, packet 68/68
2025-07-24 17:03:33,688 - INFO - Frame 15: Sending 69 packets, total size 94386 bytes
2025-07-24 17:03:33,688 - INFO - Sent start of frame 15, total packets: 69
2025-07-24 17:03:33,776 - INFO - Sent end of frame 15, packet 68/68
2025-07-24 17:03:33,817 - INFO - Frame 16: Sending 70 packets, total size 95828 bytes
2025-07-24 17:03:33,817 - INFO - Sent start of frame 16, total packets: 70
2025-07-24 17:03:33,906 - INFO - Sent end of frame 16, packet 69/69
2025-07-24 17:03:33,949 - INFO - Frame 17: Sending 68 packets, total size 94336 bytes
2025-07-24 17:03:33,949 - INFO - Sent start of frame 17, total packets: 68
2025-07-24 17:03:34,037 - INFO - Sent end of frame 17, packet 67/67
2025-07-24 17:03:34,083 - INFO - Frame 18: Sending 69 packets, total size 94666 bytes
2025-07-24 17:03:34,083 - INFO - Sent start of frame 18, total packets: 69
2025-07-24 17:03:34,168 - INFO - Sent end of frame 18, packet 68/68
2025-07-24 17:03:34,212 - INFO - Frame 19: Sending 69 packets, total size 94411 bytes
2025-07-24 17:03:34,212 - INFO - Sent start of frame 19, total packets: 69
2025-07-24 17:03:34,295 - INFO - Sent end of frame 19, packet 68/68
2025-07-24 17:03:34,337 - INFO - Frame 20: Sending 70 packets, total size 96236 bytes
2025-07-24 17:03:34,338 - INFO - Sent start of frame 20, total packets: 70
2025-07-24 17:03:34,420 - INFO - Sent end of frame 20, packet 69/69
2025-07-24 17:03:34,464 - INFO - Frame 21: Sending 69 packets, total size 94570 bytes
2025-07-24 17:03:34,464 - INFO - Sent start of frame 21, total packets: 69
2025-07-24 17:03:34,593 - INFO - Sent end of frame 21, packet 68/68
2025-07-24 17:03:34,637 - INFO - Frame 22: Sending 69 packets, total size 94916 bytes
2025-07-24 17:03:34,637 - INFO - Sent start of frame 22, total packets: 69
2025-07-24 17:03:34,722 - INFO - Sent end of frame 22, packet 68/68
2025-07-24 17:03:34,765 - INFO - Frame 23: Sending 69 packets, total size 94809 bytes
2025-07-24 17:03:34,765 - INFO - Sent start of frame 23, total packets: 69
2025-07-24 17:03:34,852 - INFO - Sent end of frame 23, packet 68/68
2025-07-24 17:03:34,897 - INFO - Frame 24: Sending 70 packets, total size 96397 bytes
2025-07-24 17:03:34,897 - INFO - Sent start of frame 24, total packets: 70
2025-07-24 17:03:34,983 - INFO - Sent end of frame 24, packet 69/69
2025-07-24 17:03:35,026 - INFO - Frame 25: Sending 69 packets, total size 94760 bytes
2025-07-24 17:03:35,027 - INFO - Sent start of frame 25, total packets: 69
2025-07-24 17:03:35,110 - INFO - Sent end of frame 25, packet 68/68
2025-07-24 17:03:35,153 - INFO - Frame 26: Sending 69 packets, total size 95027 bytes
2025-07-24 17:03:35,153 - INFO - Sent start of frame 26, total packets: 69
2025-07-24 17:03:35,240 - INFO - Sent end of frame 26, packet 68/68
2025-07-24 17:03:35,283 - INFO - Frame 27: Sending 69 packets, total size 94748 bytes
2025-07-24 17:03:35,283 - INFO - Sent start of frame 27, total packets: 69
2025-07-24 17:03:35,366 - INFO - Sent end of frame 27, packet 68/68
2025-07-24 17:03:35,409 - INFO - Frame 28: Sending 70 packets, total size 96578 bytes
2025-07-24 17:03:35,409 - INFO - Sent start of frame 28, total packets: 70
2025-07-24 17:03:35,495 - INFO - Sent end of frame 28, packet 69/69
2025-07-24 17:03:35,538 - INFO - Frame 29: Sending 69 packets, total size 94906 bytes
2025-07-24 17:03:35,538 - INFO - Sent start of frame 29, total packets: 69
2025-07-24 17:03:35,622 - INFO - Sent end of frame 29, packet 68/68
2025-07-24 17:03:35,666 - INFO - Frame 30: Sending 69 packets, total size 95342 bytes
2025-07-24 17:03:35,666 - INFO - Sent start of frame 30, total packets: 69
2025-07-24 17:03:35,750 - INFO - Sent end of frame 30, packet 68/68
2025-07-24 17:03:35,793 - INFO - Frame 31: Sending 69 packets, total size 95146 bytes
2025-07-24 17:03:35,793 - INFO - Sent start of frame 31, total packets: 69
2025-07-24 17:03:35,877 - INFO - Sent end of frame 31, packet 68/68
2025-07-24 17:03:35,920 - INFO - Frame 32: Sending 70 packets, total size 96764 bytes
2025-07-24 17:03:35,920 - INFO - Sent start of frame 32, total packets: 70
2025-07-24 17:03:36,008 - INFO - Sent end of frame 32, packet 69/69
2025-07-24 17:03:36,050 - INFO - Frame 33: Sending 69 packets, total size 94993 bytes
2025-07-24 17:03:36,051 - INFO - Sent start of frame 33, total packets: 69
2025-07-24 17:03:36,137 - INFO - Sent end of frame 33, packet 68/68
2025-07-24 17:03:36,178 - INFO - Frame 34: Sending 69 packets, total size 95424 bytes
2025-07-24 17:03:36,178 - INFO - Sent start of frame 34, total packets: 69
2025-07-24 17:03:36,262 - INFO - Sent end of frame 34, packet 68/68
2025-07-24 17:03:36,305 - INFO - Frame 35: Sending 69 packets, total size 95279 bytes
2025-07-24 17:03:36,306 - INFO - Sent start of frame 35, total packets: 69
2025-07-24 17:03:36,390 - INFO - Sent end of frame 35, packet 68/68
2025-07-24 17:03:36,433 - INFO - Frame 36: Sending 70 packets, total size 96940 bytes
2025-07-24 17:03:36,433 - INFO - Sent start of frame 36, total packets: 70
2025-07-24 17:03:36,519 - INFO - Sent end of frame 36, packet 69/69
2025-07-24 17:03:36,562 - INFO - Frame 37: Sending 69 packets, total size 95030 bytes
2025-07-24 17:03:36,562 - INFO - Sent start of frame 37, total packets: 69
2025-07-24 17:03:36,649 - INFO - Sent end of frame 37, packet 68/68
2025-07-24 17:03:36,692 - INFO - Frame 38: Sending 69 packets, total size 95522 bytes
2025-07-24 17:03:36,692 - INFO - Sent start of frame 38, total packets: 69
2025-07-24 17:03:36,777 - INFO - Sent end of frame 38, packet 68/68
2025-07-24 17:03:36,818 - INFO - Frame 39: Sending 69 packets, total size 95203 bytes
2025-07-24 17:03:36,819 - INFO - Sent start of frame 39, total packets: 69
2025-07-24 17:03:36,903 - INFO - Sent end of frame 39, packet 68/68
2025-07-24 17:03:36,948 - INFO - Frame 40: Sending 70 packets, total size 97059 bytes
2025-07-24 17:03:36,948 - INFO - Sent start of frame 40, total packets: 70
2025-07-24 17:03:37,034 - INFO - Sent end of frame 40, packet 69/69
2025-07-24 17:03:37,076 - INFO - Frame 41: Sending 69 packets, total size 95215 bytes
2025-07-24 17:03:37,076 - INFO - Sent start of frame 41, total packets: 69
2025-07-24 17:03:37,160 - INFO - Sent end of frame 41, packet 68/68
2025-07-24 17:03:37,202 - INFO - Frame 42: Sending 69 packets, total size 95722 bytes
2025-07-24 17:03:37,202 - INFO - Sent start of frame 42, total packets: 69
2025-07-24 17:03:37,286 - INFO - Sent end of frame 42, packet 68/68
2025-07-24 17:03:37,329 - INFO - Frame 43: Sending 69 packets, total size 95676 bytes
2025-07-24 17:03:37,329 - INFO - Sent start of frame 43, total packets: 69
2025-07-24 17:03:37,413 - INFO - Sent end of frame 43, packet 68/68
2025-07-24 17:03:37,457 - INFO - Frame 44: Sending 71 packets, total size 97417 bytes
2025-07-24 17:03:37,457 - INFO - Sent start of frame 44, total packets: 71
2025-07-24 17:03:37,544 - INFO - Sent end of frame 44, packet 70/70
2025-07-24 17:03:37,588 - INFO - Frame 45: Sending 69 packets, total size 95542 bytes
2025-07-24 17:03:37,588 - INFO - Sent start of frame 45, total packets: 69
2025-07-24 17:03:37,672 - INFO - Sent end of frame 45, packet 68/68
2025-07-24 17:03:37,716 - INFO - Frame 46: Sending 70 packets, total size 95822 bytes
2025-07-24 17:03:37,716 - INFO - Sent start of frame 46, total packets: 70
2025-07-24 17:03:37,801 - INFO - Sent end of frame 46, packet 69/69
2025-07-24 17:03:37,844 - INFO - Frame 47: Sending 69 packets, total size 95623 bytes
2025-07-24 17:03:37,844 - INFO - Sent start of frame 47, total packets: 69
2025-07-24 17:03:37,925 - INFO - Sent end of frame 47, packet 68/68
2025-07-24 17:03:37,968 - INFO - Frame 48: Sending 71 packets, total size 97300 bytes
2025-07-24 17:03:37,968 - INFO - Sent start of frame 48, total packets: 71
2025-07-24 17:03:38,055 - INFO - Sent end of frame 48, packet 70/70
2025-07-24 17:03:38,099 - INFO - Frame 49: Sending 69 packets, total size 95648 bytes
2025-07-24 17:03:38,099 - INFO - Sent start of frame 49, total packets: 69
2025-07-24 17:03:38,185 - INFO - Sent end of frame 49, packet 68/68
2025-07-24 17:03:38,228 - INFO - Frame 50: Sending 70 packets, total size 95809 bytes
2025-07-24 17:03:38,228 - INFO - Sent start of frame 50, total packets: 70
2025-07-24 17:03:38,314 - INFO - Sent end of frame 50, packet 69/69
2025-07-24 17:03:38,356 - INFO - Frame 51: Sending 70 packets, total size 95900 bytes
2025-07-24 17:03:38,356 - INFO - Sent start of frame 51, total packets: 70
2025-07-24 17:03:38,441 - INFO - Sent end of frame 51, packet 69/69
2025-07-24 17:03:38,484 - INFO - Frame 52: Sending 71 packets, total size 97922 bytes
2025-07-24 17:03:38,484 - INFO - Sent start of frame 52, total packets: 71
2025-07-24 17:03:38,570 - INFO - Sent end of frame 52, packet 70/70
2025-07-24 17:03:38,609 - INFO - Frame 53: Sending 70 packets, total size 95942 bytes
2025-07-24 17:03:38,609 - INFO - Sent start of frame 53, total packets: 70
2025-07-24 17:03:38,694 - INFO - Sent end of frame 53, packet 69/69
2025-07-24 17:03:38,735 - INFO - Frame 54: Sending 70 packets, total size 96733 bytes
2025-07-24 17:03:38,735 - INFO - Sent start of frame 54, total packets: 70
2025-07-24 17:03:38,821 - INFO - Sent end of frame 54, packet 69/69
2025-07-24 17:03:38,864 - INFO - Frame 55: Sending 70 packets, total size 96387 bytes
2025-07-24 17:03:38,864 - INFO - Sent start of frame 55, total packets: 70
2025-07-24 17:03:38,953 - INFO - Sent end of frame 55, packet 69/69
2025-07-24 17:03:38,998 - INFO - Frame 56: Sending 71 packets, total size 98421 bytes
2025-07-24 17:03:38,998 - INFO - Sent start of frame 56, total packets: 71
2025-07-24 17:03:39,086 - INFO - Sent end of frame 56, packet 70/70
2025-07-24 17:03:39,131 - INFO - Frame 57: Sending 70 packets, total size 96440 bytes
2025-07-24 17:03:39,131 - INFO - Sent start of frame 57, total packets: 70
2025-07-24 17:03:39,217 - INFO - Sent end of frame 57, packet 69/69
2025-07-24 17:03:39,260 - INFO - Frame 58: Sending 70 packets, total size 96662 bytes
2025-07-24 17:03:39,260 - INFO - Sent start of frame 58, total packets: 70
2025-07-24 17:03:39,344 - INFO - Sent end of frame 58, packet 69/69
2025-07-24 17:03:39,387 - INFO - Frame 59: Sending 70 packets, total size 96335 bytes
2025-07-24 17:03:39,388 - INFO - Sent start of frame 59, total packets: 70
2025-07-24 17:03:39,473 - INFO - Sent end of frame 59, packet 69/69
2025-07-24 17:03:39,516 - INFO - Frame 60: Sending 71 packets, total size 98130 bytes
2025-07-24 17:03:39,516 - INFO - Sent start of frame 60, total packets: 71
2025-07-24 17:03:39,602 - INFO - Sent end of frame 60, packet 70/70
2025-07-24 17:03:39,647 - INFO - Frame 61: Sending 70 packets, total size 96130 bytes
2025-07-24 17:03:39,647 - INFO - Sent start of frame 61, total packets: 70
2025-07-24 17:03:39,733 - INFO - Sent end of frame 61, packet 69/69
2025-07-24 17:03:39,778 - INFO - Frame 62: Sending 70 packets, total size 96667 bytes
2025-07-24 17:03:39,778 - INFO - Sent start of frame 62, total packets: 70
2025-07-24 17:03:39,866 - INFO - Sent end of frame 62, packet 69/69
2025-07-24 17:03:39,909 - INFO - Frame 63: Sending 70 packets, total size 96449 bytes
2025-07-24 17:03:39,910 - INFO - Sent start of frame 63, total packets: 70
2025-07-24 17:03:39,997 - INFO - Sent end of frame 63, packet 69/69
2025-07-24 17:03:40,039 - INFO - Frame 64: Sending 72 packets, total size 98571 bytes
2025-07-24 17:03:40,039 - INFO - Sent start of frame 64, total packets: 72
2025-07-24 17:03:40,126 - INFO - Sent end of frame 64, packet 71/71
2025-07-24 17:03:40,166 - INFO - Frame 65: Sending 70 packets, total size 96594 bytes
2025-07-24 17:03:40,167 - INFO - Sent start of frame 65, total packets: 70
2025-07-24 17:03:40,247 - INFO - Sent end of frame 65, packet 69/69
2025-07-24 17:03:40,289 - INFO - Frame 66: Sending 70 packets, total size 96855 bytes
2025-07-24 17:03:40,290 - INFO - Sent start of frame 66, total packets: 70
2025-07-24 17:03:40,374 - INFO - Sent end of frame 66, packet 69/69
2025-07-24 17:03:40,417 - INFO - Frame 67: Sending 70 packets, total size 96776 bytes
2025-07-24 17:03:40,418 - INFO - Sent start of frame 67, total packets: 70
2025-07-24 17:03:40,503 - INFO - Sent end of frame 67, packet 69/69
2025-07-24 17:03:40,546 - INFO - Frame 68: Sending 72 packets, total size 98861 bytes
2025-07-24 17:03:40,546 - INFO - Sent start of frame 68, total packets: 72
2025-07-24 17:03:40,634 - INFO - Sent end of frame 68, packet 71/71
2025-07-24 17:03:40,677 - INFO - Frame 69: Sending 70 packets, total size 96489 bytes
2025-07-24 17:03:40,677 - INFO - Sent start of frame 69, total packets: 70
2025-07-24 17:03:40,763 - INFO - Sent end of frame 69, packet 69/69
2025-07-24 17:03:40,805 - INFO - Frame 70: Sending 70 packets, total size 97117 bytes
2025-07-24 17:03:40,805 - INFO - Sent start of frame 70, total packets: 70
2025-07-24 17:03:40,890 - INFO - Sent end of frame 70, packet 69/69
2025-07-24 17:03:40,932 - INFO - Frame 71: Sending 70 packets, total size 97032 bytes
2025-07-24 17:03:40,933 - INFO - Sent start of frame 71, total packets: 70
2025-07-24 17:03:41,018 - INFO - Sent end of frame 71, packet 69/69
2025-07-24 17:03:41,060 - INFO - Frame 72: Sending 72 packets, total size 99224 bytes
2025-07-24 17:03:41,060 - INFO - Sent start of frame 72, total packets: 72
2025-07-24 17:03:41,147 - INFO - Sent end of frame 72, packet 71/71
2025-07-24 17:03:41,191 - INFO - Frame 73: Sending 71 packets, total size 97389 bytes
2025-07-24 17:03:41,191 - INFO - Sent start of frame 73, total packets: 71
2025-07-24 17:03:41,277 - INFO - Sent end of frame 73, packet 70/70
2025-07-24 17:03:41,319 - INFO - Frame 74: Sending 71 packets, total size 97688 bytes
2025-07-24 17:03:41,319 - INFO - Sent start of frame 74, total packets: 71
2025-07-24 17:03:41,405 - INFO - Sent end of frame 74, packet 70/70
2025-07-24 17:03:41,449 - INFO - Frame 75: Sending 71 packets, total size 97287 bytes
2025-07-24 17:03:41,449 - INFO - Sent start of frame 75, total packets: 71
2025-07-24 17:03:41,534 - INFO - Sent end of frame 75, packet 70/70
2025-07-24 17:03:41,578 - INFO - Frame 76: Sending 72 packets, total size 99369 bytes
2025-07-24 17:03:41,578 - INFO - Sent start of frame 76, total packets: 72
2025-07-24 17:03:41,665 - INFO - Sent end of frame 76, packet 71/71
2025-07-24 17:03:41,709 - INFO - Frame 77: Sending 71 packets, total size 97318 bytes
2025-07-24 17:03:41,709 - INFO - Sent start of frame 77, total packets: 71
2025-07-24 17:03:41,795 - INFO - Sent end of frame 77, packet 70/70
2025-07-24 17:03:41,838 - INFO - Frame 78: Sending 71 packets, total size 98068 bytes
2025-07-24 17:03:41,838 - INFO - Sent start of frame 78, total packets: 71
2025-07-24 17:03:41,923 - INFO - Sent end of frame 78, packet 70/70
2025-07-24 17:03:41,966 - INFO - Frame 79: Sending 71 packets, total size 97733 bytes
2025-07-24 17:03:41,967 - INFO - Sent start of frame 79, total packets: 71
2025-07-24 17:03:42,050 - INFO - Sent end of frame 79, packet 70/70
2025-07-24 17:03:42,095 - INFO - Frame 80: Sending 72 packets, total size 99792 bytes
2025-07-24 17:03:42,096 - INFO - Sent start of frame 80, total packets: 72
2025-07-24 17:03:42,234 - INFO - Sent end of frame 80, packet 71/71
2025-07-24 17:03:42,277 - INFO - Frame 81: Sending 71 packets, total size 97786 bytes
2025-07-24 17:03:42,278 - INFO - Sent start of frame 81, total packets: 71
2025-07-24 17:03:42,356 - INFO - Sent end of frame 81, packet 70/70
2025-07-24 17:03:42,399 - INFO - Frame 82: Sending 71 packets, total size 98472 bytes
2025-07-24 17:03:42,400 - INFO - Sent start of frame 82, total packets: 71
2025-07-24 17:03:42,479 - INFO - Sent end of frame 82, packet 70/70
2025-07-24 17:03:42,524 - INFO - Frame 83: Sending 71 packets, total size 98201 bytes
2025-07-24 17:03:42,524 - INFO - Sent start of frame 83, total packets: 71
2025-07-24 17:03:42,603 - INFO - Sent end of frame 83, packet 70/70
2025-07-24 17:03:42,647 - INFO - Frame 84: Sending 73 packets, total size 100276 bytes
2025-07-24 17:03:42,647 - INFO - Sent start of frame 84, total packets: 73
2025-07-24 17:03:42,728 - INFO - Sent end of frame 84, packet 72/72
2025-07-24 17:03:42,772 - INFO - Frame 85: Sending 71 packets, total size 98012 bytes
2025-07-24 17:03:42,772 - INFO - Sent start of frame 85, total packets: 71
2025-07-24 17:03:42,852 - INFO - Sent end of frame 85, packet 70/70
2025-07-24 17:03:42,895 - INFO - Frame 86: Sending 72 packets, total size 98635 bytes
2025-07-24 17:03:42,895 - INFO - Sent start of frame 86, total packets: 72
2025-07-24 17:03:42,976 - INFO - Sent end of frame 86, packet 71/71
2025-07-24 17:03:43,017 - INFO - Frame 87: Sending 71 packets, total size 98351 bytes
2025-07-24 17:03:43,017 - INFO - Sent start of frame 87, total packets: 71
2025-07-24 17:03:43,097 - INFO - Sent end of frame 87, packet 70/70
2025-07-24 17:03:43,140 - INFO - Frame 88: Sending 73 packets, total size 100351 bytes
2025-07-24 17:03:43,140 - INFO - Sent start of frame 88, total packets: 73
2025-07-24 17:03:43,227 - INFO - Sent end of frame 88, packet 72/72
2025-07-24 17:03:43,271 - INFO - Frame 89: Sending 73 packets, total size 100141 bytes
2025-07-24 17:03:43,272 - INFO - Sent start of frame 89, total packets: 73
2025-07-24 17:03:43,359 - INFO - Sent end of frame 89, packet 72/72
2025-07-24 17:03:43,403 - INFO - Frame 90: Sending 73 packets, total size 100874 bytes
2025-07-24 17:03:43,403 - INFO - Sent start of frame 90, total packets: 73
2025-07-24 17:03:43,492 - INFO - Sent end of frame 90, packet 72/72
2025-07-24 17:03:43,535 - INFO - Frame 91: Sending 72 packets, total size 98807 bytes
2025-07-24 17:03:43,535 - INFO - Sent start of frame 91, total packets: 72
2025-07-24 17:03:43,620 - INFO - Sent end of frame 91, packet 71/71
2025-07-24 17:03:43,663 - INFO - Frame 92: Sending 72 packets, total size 99504 bytes
2025-07-24 17:03:43,663 - INFO - Sent start of frame 92, total packets: 72
2025-07-24 17:03:43,751 - INFO - Sent end of frame 92, packet 71/71
2025-07-24 17:03:43,795 - INFO - Frame 93: Sending 72 packets, total size 98559 bytes
2025-07-24 17:03:43,795 - INFO - Sent start of frame 93, total packets: 72
2025-07-24 17:03:43,882 - INFO - Sent end of frame 93, packet 71/71
2025-07-24 17:03:43,928 - INFO - Frame 94: Sending 73 packets, total size 100301 bytes
2025-07-24 17:03:43,928 - INFO - Sent start of frame 94, total packets: 73
2025-07-24 17:03:44,015 - INFO - Sent end of frame 94, packet 72/72
2025-07-24 17:03:44,060 - INFO - Frame 95: Sending 71 packets, total size 98422 bytes
2025-07-24 17:03:44,060 - INFO - Sent start of frame 95, total packets: 71
2025-07-24 17:03:44,146 - INFO - Sent end of frame 95, packet 70/70
2025-07-24 17:03:44,190 - INFO - Frame 96: Sending 72 packets, total size 99095 bytes
2025-07-24 17:03:44,190 - INFO - Sent start of frame 96, total packets: 72
2025-07-24 17:03:44,274 - INFO - Sent end of frame 96, packet 71/71
2025-07-24 17:03:44,318 - INFO - Frame 97: Sending 71 packets, total size 98511 bytes
2025-07-24 17:03:44,318 - INFO - Sent start of frame 97, total packets: 71
2025-07-24 17:03:44,402 - INFO - Sent end of frame 97, packet 70/70
2025-07-24 17:03:44,446 - INFO - Frame 98: Sending 73 packets, total size 100628 bytes
2025-07-24 17:03:44,446 - INFO - Sent start of frame 98, total packets: 73
2025-07-24 17:03:44,532 - INFO - Sent end of frame 98, packet 72/72
2025-07-24 17:03:44,574 - INFO - Frame 99: Sending 71 packets, total size 98527 bytes
2025-07-24 17:03:44,575 - INFO - Sent start of frame 99, total packets: 71
2025-07-24 17:03:44,658 - INFO - Sent end of frame 99, packet 70/70
2025-07-24 17:03:44,703 - INFO - Frame 100: Sending 72 packets, total size 99089 bytes
2025-07-24 17:03:44,703 - INFO - Sent start of frame 100, total packets: 72
2025-07-24 17:03:44,788 - INFO - Sent end of frame 100, packet 71/71
2025-07-24 17:03:44,830 - INFO - Frame 101: Sending 72 packets, total size 98579 bytes
2025-07-24 17:03:44,830 - INFO - Sent start of frame 101, total packets: 72
2025-07-24 17:03:44,915 - INFO - Sent end of frame 101, packet 71/71
2025-07-24 17:03:44,959 - INFO - Frame 102: Sending 73 packets, total size 100705 bytes
2025-07-24 17:03:44,959 - INFO - Sent start of frame 102, total packets: 73
2025-07-24 17:03:45,048 - INFO - Sent end of frame 102, packet 72/72
2025-07-24 17:03:45,091 - INFO - Frame 103: Sending 72 packets, total size 98551 bytes
2025-07-24 17:03:45,092 - INFO - Sent start of frame 103, total packets: 72
2025-07-24 17:03:45,175 - INFO - Sent end of frame 103, packet 71/71
2025-07-24 17:03:45,217 - INFO - Frame 104: Sending 72 packets, total size 99219 bytes
2025-07-24 17:03:45,218 - INFO - Sent start of frame 104, total packets: 72
2025-07-24 17:03:45,302 - INFO - Sent end of frame 104, packet 71/71
2025-07-24 17:03:45,345 - INFO - Frame 105: Sending 72 packets, total size 99030 bytes
2025-07-24 17:03:45,346 - INFO - Sent start of frame 105, total packets: 72
2025-07-24 17:03:45,434 - INFO - Sent end of frame 105, packet 71/71
2025-07-24 17:03:45,479 - INFO - Frame 106: Sending 73 packets, total size 100995 bytes
2025-07-24 17:03:45,479 - INFO - Sent start of frame 106, total packets: 73
2025-07-24 17:03:45,569 - INFO - Sent end of frame 106, packet 72/72
2025-07-24 17:03:45,615 - INFO - Frame 107: Sending 72 packets, total size 98856 bytes
2025-07-24 17:03:45,615 - INFO - Sent start of frame 107, total packets: 72
2025-07-24 17:03:45,702 - INFO - Sent end of frame 107, packet 71/71
2025-07-24 17:03:45,746 - INFO - Frame 108: Sending 72 packets, total size 99230 bytes
2025-07-24 17:03:45,746 - INFO - Sent start of frame 108, total packets: 72
2025-07-24 17:03:45,834 - INFO - Sent end of frame 108, packet 71/71
2025-07-24 17:03:45,878 - INFO - Frame 109: Sending 72 packets, total size 98817 bytes
2025-07-24 17:03:45,879 - INFO - Sent start of frame 109, total packets: 72
2025-07-24 17:03:45,968 - INFO - Sent end of frame 109, packet 71/71
2025-07-24 17:03:46,012 - INFO - Frame 110: Sending 73 packets, total size 101028 bytes
2025-07-24 17:03:46,012 - INFO - Sent start of frame 110, total packets: 73
2025-07-24 17:03:46,101 - INFO - Sent end of frame 110, packet 72/72
2025-07-24 17:03:46,147 - INFO - Frame 111: Sending 72 packets, total size 98803 bytes
2025-07-24 17:03:46,147 - INFO - Sent start of frame 111, total packets: 72
2025-07-24 17:03:46,234 - INFO - Sent end of frame 111, packet 71/71
2025-07-24 17:03:46,277 - INFO - Frame 112: Sending 72 packets, total size 99404 bytes
2025-07-24 17:03:46,277 - INFO - Sent start of frame 112, total packets: 72
2025-07-24 17:03:46,364 - INFO - Sent end of frame 112, packet 71/71
2025-07-24 17:03:46,408 - INFO - Frame 113: Sending 72 packets, total size 99087 bytes
2025-07-24 17:03:46,409 - INFO - Sent start of frame 113, total packets: 72
2025-07-24 17:03:46,498 - INFO - Sent end of frame 113, packet 71/71
2025-07-24 17:03:46,540 - INFO - Frame 114: Sending 73 packets, total size 100914 bytes
2025-07-24 17:03:46,540 - INFO - Sent start of frame 114, total packets: 73
2025-07-24 17:03:46,629 - INFO - Sent end of frame 114, packet 72/72
2025-07-24 17:03:46,675 - INFO - Frame 115: Sending 72 packets, total size 98981 bytes
2025-07-24 17:03:46,675 - INFO - Sent start of frame 115, total packets: 72
2025-07-24 17:03:46,763 - INFO - Sent end of frame 115, packet 71/71
2025-07-24 17:03:46,813 - INFO - Frame 116: Sending 72 packets, total size 99509 bytes
2025-07-24 17:03:46,814 - INFO - Sent start of frame 116, total packets: 72
2025-07-24 17:03:46,901 - INFO - Sent end of frame 116, packet 71/71
2025-07-24 17:03:46,947 - INFO - Frame 117: Sending 72 packets, total size 98945 bytes
2025-07-24 17:03:46,947 - INFO - Sent start of frame 117, total packets: 72
2025-07-24 17:03:47,033 - INFO - Sent end of frame 117, packet 71/71
2025-07-24 17:03:47,077 - INFO - Frame 118: Sending 73 packets, total size 101120 bytes
2025-07-24 17:03:47,077 - INFO - Sent start of frame 118, total packets: 73
2025-07-24 17:03:47,163 - INFO - Sent end of frame 118, packet 72/72
2025-07-24 17:03:47,207 - INFO - Frame 119: Sending 72 packets, total size 98971 bytes
2025-07-24 17:03:47,207 - INFO - Sent start of frame 119, total packets: 72
2025-07-24 17:03:47,297 - INFO - Sent end of frame 119, packet 71/71
2025-07-24 17:03:47,342 - INFO - Frame 120: Sending 72 packets, total size 99056 bytes
2025-07-24 17:03:47,343 - INFO - Sent start of frame 120, total packets: 72
2025-07-24 17:03:47,432 - INFO - Sent end of frame 120, packet 71/71
2025-07-24 17:03:47,476 - INFO - Frame 121: Sending 72 packets, total size 99018 bytes
2025-07-24 17:03:47,477 - INFO - Sent start of frame 121, total packets: 72
2025-07-24 17:03:47,563 - INFO - Sent end of frame 121, packet 71/71
2025-07-24 17:03:47,604 - INFO - Frame 122: Sending 73 packets, total size 100783 bytes
2025-07-24 17:03:47,604 - INFO - Sent start of frame 122, total packets: 73
2025-07-24 17:03:47,694 - INFO - Sent end of frame 122, packet 72/72
2025-07-24 17:03:47,738 - INFO - Frame 123: Sending 72 packets, total size 98672 bytes
2025-07-24 17:03:47,739 - INFO - Sent start of frame 123, total packets: 72
2025-07-24 17:03:47,824 - INFO - Sent end of frame 123, packet 71/71
2025-07-24 17:03:47,867 - INFO - Frame 124: Sending 72 packets, total size 99359 bytes
2025-07-24 17:03:47,868 - INFO - Sent start of frame 124, total packets: 72
2025-07-24 17:03:47,952 - INFO - Sent end of frame 124, packet 71/71
2025-07-24 17:03:47,996 - INFO - Frame 125: Sending 72 packets, total size 98847 bytes
2025-07-24 17:03:47,996 - INFO - Sent start of frame 125, total packets: 72
2025-07-24 17:03:48,080 - INFO - Sent end of frame 125, packet 71/71
2025-07-24 17:03:48,125 - INFO - Frame 126: Sending 73 packets, total size 100984 bytes
2025-07-24 17:03:48,125 - INFO - Sent start of frame 126, total packets: 73
2025-07-24 17:03:48,213 - INFO - Sent end of frame 126, packet 72/72
2025-07-24 17:03:48,254 - INFO - Frame 127: Sending 72 packets, total size 98998 bytes
2025-07-24 17:03:48,254 - INFO - Sent start of frame 127, total packets: 72
2025-07-24 17:03:48,341 - INFO - Sent end of frame 127, packet 71/71
2025-07-24 17:03:48,386 - INFO - Frame 128: Sending 72 packets, total size 99393 bytes
2025-07-24 17:03:48,386 - INFO - Sent start of frame 128, total packets: 72
2025-07-24 17:03:48,473 - INFO - Sent end of frame 128, packet 71/71
2025-07-24 17:03:48,517 - INFO - Frame 129: Sending 72 packets, total size 98961 bytes
2025-07-24 17:03:48,518 - INFO - Sent start of frame 129, total packets: 72
2025-07-24 17:03:48,605 - INFO - Sent end of frame 129, packet 71/71
2025-07-24 17:03:48,648 - INFO - Frame 130: Sending 73 packets, total size 101027 bytes
2025-07-24 17:03:48,649 - INFO - Sent start of frame 130, total packets: 73
2025-07-24 17:03:48,736 - INFO - Sent end of frame 130, packet 72/72
2025-07-24 17:03:48,779 - INFO - Frame 131: Sending 72 packets, total size 98796 bytes
2025-07-24 17:03:48,779 - INFO - Sent start of frame 131, total packets: 72
2025-07-24 17:03:48,865 - INFO - Sent end of frame 131, packet 71/71
2025-07-24 17:03:48,909 - INFO - Frame 132: Sending 72 packets, total size 99357 bytes
2025-07-24 17:03:48,909 - INFO - Sent start of frame 132, total packets: 72
2025-07-24 17:03:48,995 - INFO - Sent end of frame 132, packet 71/71
2025-07-24 17:03:49,040 - INFO - Frame 133: Sending 72 packets, total size 98951 bytes
2025-07-24 17:03:49,040 - INFO - Sent start of frame 133, total packets: 72
2025-07-24 17:03:49,126 - INFO - Sent end of frame 133, packet 71/71
2025-07-24 17:03:49,168 - INFO - Frame 134: Sending 73 packets, total size 101039 bytes
2025-07-24 17:03:49,168 - INFO - Sent start of frame 134, total packets: 73
2025-07-24 17:03:49,256 - INFO - Sent end of frame 134, packet 72/72
2025-07-24 17:03:49,300 - INFO - Frame 135: Sending 72 packets, total size 98802 bytes
2025-07-24 17:03:49,300 - INFO - Sent start of frame 135, total packets: 72
2025-07-24 17:03:49,387 - INFO - Sent end of frame 135, packet 71/71
2025-07-24 17:03:49,432 - INFO - Frame 136: Sending 72 packets, total size 99106 bytes
2025-07-24 17:03:49,432 - INFO - Sent start of frame 136, total packets: 72
2025-07-24 17:03:49,517 - INFO - Sent end of frame 136, packet 71/71
2025-07-24 17:03:49,562 - INFO - Frame 137: Sending 72 packets, total size 98884 bytes
2025-07-24 17:03:49,562 - INFO - Sent start of frame 137, total packets: 72
2025-07-24 17:03:49,648 - INFO - Sent end of frame 137, packet 71/71
2025-07-24 17:03:49,694 - INFO - Frame 138: Sending 73 packets, total size 100799 bytes
2025-07-24 17:03:49,694 - INFO - Sent start of frame 138, total packets: 73
2025-07-24 17:03:49,782 - INFO - Sent end of frame 138, packet 72/72
2025-07-24 17:03:49,826 - INFO - Frame 139: Sending 72 packets, total size 98733 bytes
2025-07-24 17:03:49,826 - INFO - Sent start of frame 139, total packets: 72
2025-07-24 17:03:49,911 - INFO - Sent end of frame 139, packet 71/71
2025-07-24 17:03:49,956 - INFO - Frame 140: Sending 72 packets, total size 99294 bytes
2025-07-24 17:03:49,957 - INFO - Sent start of frame 140, total packets: 72
2025-07-24 17:03:50,041 - INFO - Sent end of frame 140, packet 71/71
2025-07-24 17:03:50,085 - INFO - Frame 141: Sending 72 packets, total size 99086 bytes
2025-07-24 17:03:50,085 - INFO - Sent start of frame 141, total packets: 72
2025-07-24 17:03:50,168 - INFO - Sent end of frame 141, packet 71/71
2025-07-24 17:03:50,219 - INFO - Frame 142: Sending 73 packets, total size 100942 bytes
2025-07-24 17:03:50,219 - INFO - Sent start of frame 142, total packets: 73
2025-07-24 17:03:50,304 - INFO - Sent end of frame 142, packet 72/72
2025-07-24 17:03:50,348 - INFO - Frame 143: Sending 72 packets, total size 98661 bytes
2025-07-24 17:03:50,348 - INFO - Sent start of frame 143, total packets: 72
2025-07-24 17:03:50,435 - INFO - Sent end of frame 143, packet 71/71
2025-07-24 17:03:50,480 - INFO - Frame 144: Sending 72 packets, total size 99097 bytes
2025-07-24 17:03:50,480 - INFO - Sent start of frame 144, total packets: 72
2025-07-24 17:03:50,566 - INFO - Sent end of frame 144, packet 71/71
2025-07-24 17:03:50,610 - INFO - Frame 145: Sending 72 packets, total size 98875 bytes
2025-07-24 17:03:50,611 - INFO - Sent start of frame 145, total packets: 72
2025-07-24 17:03:50,695 - INFO - Sent end of frame 145, packet 71/71
2025-07-24 17:03:50,783 - INFO - Frame 146: Sending 73 packets, total size 100647 bytes
2025-07-24 17:03:50,783 - INFO - Sent start of frame 146, total packets: 73
2025-07-24 17:03:50,874 - INFO - Sent end of frame 146, packet 72/72
2025-07-24 17:03:50,918 - INFO - Frame 147: Sending 71 packets, total size 98431 bytes
2025-07-24 17:03:50,918 - INFO - Sent start of frame 147, total packets: 71
2025-07-24 17:03:51,003 - INFO - Sent end of frame 147, packet 70/70
2025-07-24 17:03:51,046 - INFO - Frame 148: Sending 72 packets, total size 98850 bytes
2025-07-24 17:03:51,047 - INFO - Sent start of frame 148, total packets: 72
2025-07-24 17:03:51,132 - INFO - Sent end of frame 148, packet 71/71
2025-07-24 17:03:51,176 - INFO - Frame 149: Sending 72 packets, total size 98578 bytes
2025-07-24 17:03:51,176 - INFO - Sent start of frame 149, total packets: 72
2025-07-24 17:03:51,260 - INFO - Sent end of frame 149, packet 71/71
2025-07-24 17:03:51,305 - INFO - Frame 150: Sending 73 packets, total size 100331 bytes
2025-07-24 17:03:51,305 - INFO - Sent start of frame 150, total packets: 73
2025-07-24 17:03:51,392 - INFO - Sent end of frame 150, packet 72/72
2025-07-24 17:03:51,437 - INFO - Frame 151: Sending 71 packets, total size 98297 bytes
2025-07-24 17:03:51,437 - INFO - Sent start of frame 151, total packets: 71
2025-07-24 17:03:51,521 - INFO - Sent end of frame 151, packet 70/70
2025-07-24 17:03:51,563 - INFO - Frame 152: Sending 72 packets, total size 98753 bytes
2025-07-24 17:03:51,564 - INFO - Sent start of frame 152, total packets: 72
2025-07-24 17:03:51,649 - INFO - Sent end of frame 152, packet 71/71
2025-07-24 17:03:51,692 - INFO - Frame 153: Sending 71 packets, total size 98410 bytes
2025-07-24 17:03:51,692 - INFO - Sent start of frame 153, total packets: 71
2025-07-24 17:03:51,775 - INFO - Sent end of frame 153, packet 70/70
2025-07-24 17:03:51,826 - INFO - Frame 154: Sending 73 packets, total size 100442 bytes
2025-07-24 17:03:51,826 - INFO - Sent start of frame 154, total packets: 73
2025-07-24 17:03:51,911 - INFO - Sent end of frame 154, packet 72/72
2025-07-24 17:03:51,955 - INFO - Frame 155: Sending 71 packets, total size 98124 bytes
2025-07-24 17:03:51,955 - INFO - Sent start of frame 155, total packets: 71
2025-07-24 17:03:52,039 - INFO - Sent end of frame 155, packet 70/70
2025-07-24 17:03:52,083 - INFO - Frame 156: Sending 71 packets, total size 98536 bytes
2025-07-24 17:03:52,083 - INFO - Sent start of frame 156, total packets: 71
2025-07-24 17:03:52,167 - INFO - Sent end of frame 156, packet 70/70
2025-07-24 17:03:52,228 - INFO - Frame 157: Sending 71 packets, total size 98067 bytes
2025-07-24 17:03:52,228 - INFO - Sent start of frame 157, total packets: 71
2025-07-24 17:03:52,319 - INFO - Sent end of frame 157, packet 70/70
2025-07-24 17:03:52,362 - INFO - Frame 158: Sending 73 packets, total size 100114 bytes
2025-07-24 17:03:52,362 - INFO - Sent start of frame 158, total packets: 73
2025-07-24 17:03:52,448 - INFO - Sent end of frame 158, packet 72/72
2025-07-24 17:03:52,492 - INFO - Frame 159: Sending 71 packets, total size 97825 bytes
2025-07-24 17:03:52,493 - INFO - Sent start of frame 159, total packets: 71
2025-07-24 17:03:52,576 - INFO - Sent end of frame 159, packet 70/70
2025-07-24 17:03:52,619 - INFO - Frame 160: Sending 71 packets, total size 98348 bytes
2025-07-24 17:03:52,619 - INFO - Sent start of frame 160, total packets: 71
2025-07-24 17:03:52,703 - INFO - Sent end of frame 160, packet 70/70
2025-07-24 17:03:52,747 - INFO - Frame 161: Sending 71 packets, total size 97949 bytes
2025-07-24 17:03:52,747 - INFO - Sent start of frame 161, total packets: 71
2025-07-24 17:03:52,831 - INFO - Sent end of frame 161, packet 70/70
2025-07-24 17:03:52,875 - INFO - Frame 162: Sending 72 packets, total size 99772 bytes
2025-07-24 17:03:52,876 - INFO - Sent start of frame 162, total packets: 72
2025-07-24 17:03:52,961 - INFO - Sent end of frame 162, packet 71/71
2025-07-24 17:03:53,003 - INFO - Frame 163: Sending 71 packets, total size 97902 bytes
2025-07-24 17:03:53,003 - INFO - Sent start of frame 163, total packets: 71
2025-07-24 17:03:53,086 - INFO - Sent end of frame 163, packet 70/70
2025-07-24 17:03:53,130 - INFO - Frame 164: Sending 71 packets, total size 98125 bytes
2025-07-24 17:03:53,130 - INFO - Sent start of frame 164, total packets: 71
2025-07-24 17:03:53,258 - INFO - Sent end of frame 164, packet 70/70
2025-07-24 17:03:53,302 - INFO - Frame 165: Sending 71 packets, total size 97859 bytes
2025-07-24 17:03:53,303 - INFO - Sent start of frame 165, total packets: 71
2025-07-24 17:03:53,387 - INFO - Sent end of frame 165, packet 70/70
2025-07-24 17:03:53,431 - INFO - Frame 166: Sending 72 packets, total size 99526 bytes
2025-07-24 17:03:53,431 - INFO - Sent start of frame 166, total packets: 72
2025-07-24 17:03:53,517 - INFO - Sent end of frame 166, packet 71/71
2025-07-24 17:03:53,559 - INFO - Frame 167: Sending 71 packets, total size 97397 bytes
2025-07-24 17:03:53,560 - INFO - Sent start of frame 167, total packets: 71
2025-07-24 17:03:53,644 - INFO - Sent end of frame 167, packet 70/70
2025-07-24 17:03:53,688 - INFO - Frame 168: Sending 71 packets, total size 97659 bytes
2025-07-24 17:03:53,688 - INFO - Sent start of frame 168, total packets: 71
2025-07-24 17:03:53,772 - INFO - Sent end of frame 168, packet 70/70
2025-07-24 17:03:53,815 - INFO - Frame 169: Sending 71 packets, total size 97380 bytes
2025-07-24 17:03:53,815 - INFO - Sent start of frame 169, total packets: 71
2025-07-24 17:03:53,896 - INFO - Sent end of frame 169, packet 70/70
2025-07-24 17:03:53,936 - INFO - Frame 170: Sending 72 packets, total size 98998 bytes
2025-07-24 17:03:53,937 - INFO - Sent start of frame 170, total packets: 72
2025-07-24 17:03:54,022 - INFO - Sent end of frame 170, packet 71/71
2025-07-24 17:03:54,065 - INFO - Frame 171: Sending 70 packets, total size 97132 bytes
2025-07-24 17:03:54,065 - INFO - Sent start of frame 171, total packets: 70
2025-07-24 17:03:54,149 - INFO - Sent end of frame 171, packet 69/69
2025-07-24 17:03:54,192 - INFO - Frame 172: Sending 71 packets, total size 97436 bytes
2025-07-24 17:03:54,193 - INFO - Sent start of frame 172, total packets: 71
2025-07-24 17:03:54,275 - INFO - Sent end of frame 172, packet 70/70
2025-07-24 17:03:54,337 - INFO - Frame 173: Sending 70 packets, total size 97077 bytes
2025-07-24 17:03:54,337 - INFO - Sent start of frame 173, total packets: 70
2025-07-24 17:03:54,421 - INFO - Sent end of frame 173, packet 69/69
2025-07-24 17:03:54,465 - INFO - Frame 174: Sending 72 packets, total size 98727 bytes
2025-07-24 17:03:54,465 - INFO - Sent start of frame 174, total packets: 72
2025-07-24 17:03:54,551 - INFO - Sent end of frame 174, packet 71/71
2025-07-24 17:03:54,594 - INFO - Frame 175: Sending 70 packets, total size 96889 bytes
2025-07-24 17:03:54,595 - INFO - Sent start of frame 175, total packets: 70
2025-07-24 17:03:54,678 - INFO - Sent end of frame 175, packet 69/69
2025-07-24 17:03:54,722 - INFO - Frame 176: Sending 71 packets, total size 97493 bytes
2025-07-24 17:03:54,722 - INFO - Sent start of frame 176, total packets: 71
2025-07-24 17:03:54,807 - INFO - Sent end of frame 176, packet 70/70
2025-07-24 17:03:54,851 - INFO - Frame 177: Sending 70 packets, total size 96979 bytes
2025-07-24 17:03:54,851 - INFO - Sent start of frame 177, total packets: 70
2025-07-24 17:03:54,932 - INFO - Sent end of frame 177, packet 69/69
2025-07-24 17:03:54,976 - INFO - Frame 178: Sending 71 packets, total size 98425 bytes
2025-07-24 17:03:54,977 - INFO - Sent start of frame 178, total packets: 71
2025-07-24 17:03:55,061 - INFO - Sent end of frame 178, packet 70/70
2025-07-24 17:03:55,103 - INFO - Frame 179: Sending 71 packets, total size 98409 bytes
2025-07-24 17:03:55,104 - INFO - Sent start of frame 179, total packets: 71
2025-07-24 17:03:55,185 - INFO - Sent end of frame 179, packet 70/70
2025-07-24 17:03:55,228 - INFO - Frame 180: Sending 71 packets, total size 98267 bytes
2025-07-24 17:03:55,228 - INFO - Sent start of frame 180, total packets: 71
2025-07-24 17:03:55,309 - INFO - Sent end of frame 180, packet 70/70
2025-07-24 17:03:55,352 - INFO - Frame 181: Sending 70 packets, total size 96316 bytes
2025-07-24 17:03:55,353 - INFO - Sent start of frame 181, total packets: 70
2025-07-24 17:03:55,434 - INFO - Sent end of frame 181, packet 69/69
2025-07-24 17:03:55,477 - INFO - Frame 182: Sending 70 packets, total size 96188 bytes
2025-07-24 17:03:55,477 - INFO - Sent start of frame 182, total packets: 70
2025-07-24 17:03:55,561 - INFO - Sent end of frame 182, packet 69/69
2025-07-24 17:03:55,606 - INFO - Frame 183: Sending 69 packets, total size 95767 bytes
2025-07-24 17:03:55,606 - INFO - Sent start of frame 183, total packets: 69
2025-07-24 17:03:55,690 - INFO - Sent end of frame 183, packet 68/68
2025-07-24 17:03:55,734 - INFO - Frame 184: Sending 71 packets, total size 97196 bytes
2025-07-24 17:03:55,734 - INFO - Sent start of frame 184, total packets: 71
2025-07-24 17:03:55,816 - INFO - Sent end of frame 184, packet 70/70
2025-07-24 17:03:55,860 - INFO - Frame 185: Sending 69 packets, total size 95358 bytes
2025-07-24 17:03:55,860 - INFO - Sent start of frame 185, total packets: 69
2025-07-24 17:03:55,942 - INFO - Sent end of frame 185, packet 68/68
2025-07-24 17:03:55,985 - INFO - Frame 186: Sending 69 packets, total size 95708 bytes
2025-07-24 17:03:55,986 - INFO - Sent start of frame 186, total packets: 69
2025-07-24 17:03:56,067 - INFO - Sent end of frame 186, packet 68/68
2025-07-24 17:03:56,110 - INFO - Frame 187: Sending 69 packets, total size 95629 bytes
2025-07-24 17:03:56,110 - INFO - Sent start of frame 187, total packets: 69
2025-07-24 17:03:56,194 - INFO - Sent end of frame 187, packet 68/68
2025-07-24 17:03:56,238 - INFO - Frame 188: Sending 71 packets, total size 97238 bytes
2025-07-24 17:03:56,239 - INFO - Sent start of frame 188, total packets: 71
2025-07-24 17:03:56,324 - INFO - Sent end of frame 188, packet 70/70
2025-07-24 17:03:56,369 - INFO - Frame 189: Sending 69 packets, total size 95285 bytes
2025-07-24 17:03:56,369 - INFO - Sent start of frame 189, total packets: 69
2025-07-24 17:03:56,450 - INFO - Sent end of frame 189, packet 68/68
2025-07-24 17:03:56,494 - INFO - Frame 190: Sending 69 packets, total size 95610 bytes
2025-07-24 17:03:56,495 - INFO - Sent start of frame 190, total packets: 69
2025-07-24 17:03:56,576 - INFO - Sent end of frame 190, packet 68/68
2025-07-24 17:03:56,620 - INFO - Frame 191: Sending 69 packets, total size 95397 bytes
2025-07-24 17:03:56,620 - INFO - Sent start of frame 191, total packets: 69
2025-07-24 17:03:56,701 - INFO - Sent end of frame 191, packet 68/68
2025-07-24 17:03:56,744 - INFO - Frame 192: Sending 71 packets, total size 97220 bytes
2025-07-24 17:03:56,745 - INFO - Sent start of frame 192, total packets: 71
2025-07-24 17:03:56,826 - INFO - Sent end of frame 192, packet 70/70
2025-07-24 17:03:56,872 - INFO - Frame 193: Sending 69 packets, total size 95318 bytes
2025-07-24 17:03:56,873 - INFO - Sent start of frame 193, total packets: 69
2025-07-24 17:03:56,956 - INFO - Sent end of frame 193, packet 68/68
2025-07-24 17:03:57,000 - INFO - Frame 194: Sending 69 packets, total size 95589 bytes
2025-07-24 17:03:57,000 - INFO - Sent start of frame 194, total packets: 69
2025-07-24 17:03:57,081 - INFO - Sent end of frame 194, packet 68/68
2025-07-24 17:03:57,124 - INFO - Frame 195: Sending 69 packets, total size 95326 bytes
2025-07-24 17:03:57,124 - INFO - Sent start of frame 195, total packets: 69
2025-07-24 17:03:57,205 - INFO - Sent end of frame 195, packet 68/68
2025-07-24 17:03:57,249 - INFO - Frame 196: Sending 71 packets, total size 97221 bytes
2025-07-24 17:03:57,249 - INFO - Sent start of frame 196, total packets: 71
2025-07-24 17:03:57,333 - INFO - Sent end of frame 196, packet 70/70
2025-07-24 17:03:57,376 - INFO - Frame 197: Sending 69 packets, total size 95111 bytes
2025-07-24 17:03:57,376 - INFO - Sent start of frame 197, total packets: 69
2025-07-24 17:03:57,503 - INFO - Sent end of frame 197, packet 68/68
2025-07-24 17:03:57,547 - INFO - Frame 198: Sending 69 packets, total size 95339 bytes
2025-07-24 17:03:57,548 - INFO - Sent start of frame 198, total packets: 69
2025-07-24 17:03:57,628 - INFO - Sent end of frame 198, packet 68/68
2025-07-24 17:03:57,671 - INFO - Frame 199: Sending 69 packets, total size 95030 bytes
2025-07-24 17:03:57,671 - INFO - Sent start of frame 199, total packets: 69
2025-07-24 17:03:57,753 - INFO - Sent end of frame 199, packet 68/68
2025-07-24 17:03:57,798 - INFO - Frame 200: Sending 70 packets, total size 96838 bytes
2025-07-24 17:03:57,799 - INFO - Sent start of frame 200, total packets: 70
2025-07-24 17:03:57,880 - INFO - Sent end of frame 200, packet 69/69
2025-07-24 17:03:57,925 - INFO - Frame 201: Sending 69 packets, total size 94932 bytes
2025-07-24 17:03:57,925 - INFO - Sent start of frame 201, total packets: 69
2025-07-24 17:03:58,007 - INFO - Sent end of frame 201, packet 68/68
2025-07-24 17:03:58,051 - INFO - Frame 202: Sending 69 packets, total size 95091 bytes
2025-07-24 17:03:58,051 - INFO - Sent start of frame 202, total packets: 69
2025-07-24 17:03:58,132 - INFO - Sent end of frame 202, packet 68/68
2025-07-24 17:03:58,176 - INFO - Frame 203: Sending 69 packets, total size 94738 bytes
2025-07-24 17:03:58,177 - INFO - Sent start of frame 203, total packets: 69
2025-07-24 17:03:58,258 - INFO - Sent end of frame 203, packet 68/68
2025-07-24 17:03:58,302 - INFO - Frame 204: Sending 70 packets, total size 96296 bytes
2025-07-24 17:03:58,303 - INFO - Sent start of frame 204, total packets: 70
2025-07-24 17:03:58,385 - INFO - Sent end of frame 204, packet 69/69
2025-07-24 17:03:58,428 - INFO - Frame 205: Sending 69 packets, total size 94500 bytes
2025-07-24 17:03:58,428 - INFO - Sent start of frame 205, total packets: 69
2025-07-24 17:03:58,509 - INFO - Sent end of frame 205, packet 68/68
2025-07-24 17:03:58,550 - INFO - Frame 206: Sending 69 packets, total size 94746 bytes
2025-07-24 17:03:58,550 - INFO - Sent start of frame 206, total packets: 69
2025-07-24 17:03:58,633 - INFO - Sent end of frame 206, packet 68/68
2025-07-24 17:03:58,678 - INFO - Frame 207: Sending 69 packets, total size 94554 bytes
2025-07-24 17:03:58,678 - INFO - Sent start of frame 207, total packets: 69
2025-07-24 17:03:58,759 - INFO - Sent end of frame 207, packet 68/68
2025-07-24 17:03:58,803 - INFO - Frame 208: Sending 70 packets, total size 95967 bytes
2025-07-24 17:03:58,803 - INFO - Sent start of frame 208, total packets: 70
2025-07-24 17:03:58,884 - INFO - Sent end of frame 208, packet 69/69
2025-07-24 17:03:58,927 - INFO - Frame 209: Sending 68 packets, total size 94082 bytes
2025-07-24 17:03:58,927 - INFO - Sent start of frame 209, total packets: 68
2025-07-24 17:03:59,007 - INFO - Sent end of frame 209, packet 67/67
2025-07-24 17:03:59,051 - INFO - Frame 210: Sending 69 packets, total size 94416 bytes
2025-07-24 17:03:59,051 - INFO - Sent start of frame 210, total packets: 69
2025-07-24 17:03:59,132 - INFO - Sent end of frame 210, packet 68/68
2025-07-24 17:03:59,175 - INFO - Frame 211: Sending 68 packets, total size 94159 bytes
2025-07-24 17:03:59,175 - INFO - Sent start of frame 211, total packets: 68
2025-07-24 17:03:59,254 - INFO - Sent end of frame 211, packet 67/67
2025-07-24 17:03:59,299 - INFO - Frame 212: Sending 69 packets, total size 95700 bytes
2025-07-24 17:03:59,299 - INFO - Sent start of frame 212, total packets: 69
2025-07-24 17:03:59,381 - INFO - Sent end of frame 212, packet 68/68
2025-07-24 17:03:59,424 - INFO - Frame 213: Sending 68 packets, total size 93741 bytes
2025-07-24 17:03:59,424 - INFO - Sent start of frame 213, total packets: 68
2025-07-24 17:03:59,503 - INFO - Sent end of frame 213, packet 67/67
2025-07-24 17:03:59,546 - INFO - Frame 214: Sending 68 packets, total size 94130 bytes
2025-07-24 17:03:59,546 - INFO - Sent start of frame 214, total packets: 68
2025-07-24 17:03:59,627 - INFO - Sent end of frame 214, packet 67/67
2025-07-24 17:03:59,668 - INFO - Frame 215: Sending 68 packets, total size 93659 bytes
2025-07-24 17:03:59,669 - INFO - Sent start of frame 215, total packets: 68
2025-07-24 17:03:59,749 - INFO - Sent end of frame 215, packet 67/67
2025-07-24 17:03:59,794 - INFO - Frame 216: Sending 69 packets, total size 95255 bytes
2025-07-24 17:03:59,794 - INFO - Sent start of frame 216, total packets: 69
2025-07-24 17:03:59,877 - INFO - Sent end of frame 216, packet 68/68
2025-07-24 17:03:59,922 - INFO - Frame 217: Sending 68 packets, total size 93437 bytes
2025-07-24 17:03:59,922 - INFO - Sent start of frame 217, total packets: 68
2025-07-24 17:04:00,004 - INFO - Sent end of frame 217, packet 67/67
2025-07-24 17:04:00,048 - INFO - Frame 218: Sending 68 packets, total size 93775 bytes
2025-07-24 17:04:00,048 - INFO - Sent start of frame 218, total packets: 68
2025-07-24 17:04:00,129 - INFO - Sent end of frame 218, packet 67/67
2025-07-24 17:04:00,172 - INFO - Frame 219: Sending 68 packets, total size 93502 bytes
2025-07-24 17:04:00,173 - INFO - Sent start of frame 219, total packets: 68
2025-07-24 17:04:00,251 - INFO - Sent end of frame 219, packet 67/67
2025-07-24 17:04:00,295 - INFO - Frame 220: Sending 69 packets, total size 95170 bytes
2025-07-24 17:04:00,295 - INFO - Sent start of frame 220, total packets: 69
2025-07-24 17:04:00,377 - INFO - Sent end of frame 220, packet 68/68
2025-07-24 17:04:00,422 - INFO - Frame 221: Sending 68 packets, total size 93341 bytes
2025-07-24 17:04:00,422 - INFO - Sent start of frame 221, total packets: 68
2025-07-24 17:04:00,502 - INFO - Sent end of frame 221, packet 67/67
2025-07-24 17:04:00,547 - INFO - Frame 222: Sending 68 packets, total size 93811 bytes
2025-07-24 17:04:00,548 - INFO - Sent start of frame 222, total packets: 68
2025-07-24 17:04:00,629 - INFO - Sent end of frame 222, packet 67/67
2025-07-24 17:04:00,671 - INFO - Frame 223: Sending 68 packets, total size 93533 bytes
2025-07-24 17:04:00,671 - INFO - Sent start of frame 223, total packets: 68
2025-07-24 17:04:00,753 - INFO - Sent end of frame 223, packet 67/67
2025-07-24 17:04:00,796 - INFO - Frame 224: Sending 69 packets, total size 94996 bytes
2025-07-24 17:04:00,796 - INFO - Sent start of frame 224, total packets: 69
2025-07-24 17:04:00,876 - INFO - Sent end of frame 224, packet 68/68
2025-07-24 17:04:00,919 - INFO - Frame 225: Sending 68 packets, total size 93063 bytes
2025-07-24 17:04:00,919 - INFO - Sent start of frame 225, total packets: 68
2025-07-24 17:04:00,999 - INFO - Sent end of frame 225, packet 67/67
2025-07-24 17:04:01,042 - INFO - Frame 226: Sending 68 packets, total size 93621 bytes
2025-07-24 17:04:01,042 - INFO - Sent start of frame 226, total packets: 68
2025-07-24 17:04:01,123 - INFO - Sent end of frame 226, packet 67/67
2025-07-24 17:04:01,167 - INFO - Frame 227: Sending 68 packets, total size 93351 bytes
2025-07-24 17:04:01,167 - INFO - Sent start of frame 227, total packets: 68
2025-07-24 17:04:01,250 - INFO - Sent end of frame 227, packet 67/67
2025-07-24 17:04:01,293 - INFO - Frame 228: Sending 69 packets, total size 94912 bytes
2025-07-24 17:04:01,293 - INFO - Sent start of frame 228, total packets: 69
2025-07-24 17:04:01,448 - INFO - Sent end of frame 228, packet 68/68
2025-07-24 17:04:01,493 - INFO - Frame 229: Sending 67 packets, total size 92593 bytes
2025-07-24 17:04:01,493 - INFO - Sent start of frame 229, total packets: 67
2025-07-24 17:04:01,575 - INFO - Sent end of frame 229, packet 66/66
2025-07-24 17:04:01,618 - INFO - Frame 230: Sending 68 packets, total size 93167 bytes
2025-07-24 17:04:01,618 - INFO - Sent start of frame 230, total packets: 68
2025-07-24 17:04:01,698 - INFO - Sent end of frame 230, packet 67/67
2025-07-24 17:04:01,741 - INFO - Frame 231: Sending 67 packets, total size 92791 bytes
2025-07-24 17:04:01,741 - INFO - Sent start of frame 231, total packets: 67
2025-07-24 17:04:01,819 - INFO - Sent end of frame 231, packet 66/66
2025-07-24 17:04:01,863 - INFO - Frame 232: Sending 69 packets, total size 94930 bytes
2025-07-24 17:04:01,863 - INFO - Sent start of frame 232, total packets: 69
2025-07-24 17:04:01,944 - INFO - Sent end of frame 232, packet 68/68
2025-07-24 17:04:01,987 - INFO - Frame 233: Sending 67 packets, total size 92681 bytes
2025-07-24 17:04:01,988 - INFO - Sent start of frame 233, total packets: 67
2025-07-24 17:04:02,066 - INFO - Sent end of frame 233, packet 66/66
2025-07-24 17:04:02,108 - INFO - Frame 234: Sending 67 packets, total size 92743 bytes
2025-07-24 17:04:02,108 - INFO - Sent start of frame 234, total packets: 67
2025-07-24 17:04:02,186 - INFO - Sent end of frame 234, packet 66/66
2025-07-24 17:04:02,229 - INFO - Frame 235: Sending 67 packets, total size 92290 bytes
2025-07-24 17:04:02,229 - INFO - Sent start of frame 235, total packets: 67
2025-07-24 17:04:02,308 - INFO - Sent end of frame 235, packet 66/66
2025-07-24 17:04:02,351 - INFO - Frame 236: Sending 68 packets, total size 94247 bytes
2025-07-24 17:04:02,351 - INFO - Sent start of frame 236, total packets: 68
2025-07-24 17:04:02,430 - INFO - Sent end of frame 236, packet 67/67
2025-07-24 17:04:02,473 - INFO - Frame 237: Sending 67 packets, total size 92430 bytes
2025-07-24 17:04:02,473 - INFO - Sent start of frame 237, total packets: 67
2025-07-24 17:04:02,554 - INFO - Sent end of frame 237, packet 66/66
2025-07-24 17:04:02,597 - INFO - Frame 238: Sending 67 packets, total size 92337 bytes
2025-07-24 17:04:02,598 - INFO - Sent start of frame 238, total packets: 67
2025-07-24 17:04:02,677 - INFO - Sent end of frame 238, packet 66/66
2025-07-24 17:04:02,720 - INFO - Frame 239: Sending 67 packets, total size 91929 bytes
2025-07-24 17:04:02,721 - INFO - Sent start of frame 239, total packets: 67
2025-07-24 17:04:02,799 - INFO - Sent end of frame 239, packet 66/66
2025-07-24 17:04:02,844 - INFO - Frame 240: Sending 68 packets, total size 93483 bytes
2025-07-24 17:04:02,844 - INFO - Sent start of frame 240, total packets: 68
2025-07-24 17:04:02,926 - INFO - Sent end of frame 240, packet 67/67
2025-07-24 17:04:02,968 - INFO - Frame 241: Sending 67 packets, total size 92300 bytes
2025-07-24 17:04:02,968 - INFO - Sent start of frame 241, total packets: 67
2025-07-24 17:04:03,049 - INFO - Sent end of frame 241, packet 66/66
2025-07-24 17:04:03,093 - INFO - Frame 242: Sending 68 packets, total size 93445 bytes
2025-07-24 17:04:03,093 - INFO - Sent start of frame 242, total packets: 68
2025-07-24 17:04:03,173 - INFO - Sent end of frame 242, packet 67/67
2025-07-24 17:04:03,216 - INFO - Frame 243: Sending 66 packets, total size 91436 bytes
2025-07-24 17:04:03,216 - INFO - Sent start of frame 243, total packets: 66
2025-07-24 17:04:03,293 - INFO - Sent end of frame 243, packet 65/65
2025-07-24 17:04:03,337 - INFO - Frame 244: Sending 67 packets, total size 91751 bytes
2025-07-24 17:04:03,338 - INFO - Sent start of frame 244, total packets: 67
2025-07-24 17:04:03,416 - INFO - Sent end of frame 244, packet 66/66
2025-07-24 17:04:03,460 - INFO - Frame 245: Sending 67 packets, total size 91609 bytes
2025-07-24 17:04:03,460 - INFO - Sent start of frame 245, total packets: 67
2025-07-24 17:04:03,539 - INFO - Sent end of frame 245, packet 66/66
2025-07-24 17:04:03,583 - INFO - Frame 246: Sending 68 packets, total size 93330 bytes
2025-07-24 17:04:03,583 - INFO - Sent start of frame 246, total packets: 68
2025-07-24 17:04:03,662 - INFO - Sent end of frame 246, packet 67/67
2025-07-24 17:04:03,702 - INFO - Frame 247: Sending 66 packets, total size 91294 bytes
2025-07-24 17:04:03,702 - INFO - Sent start of frame 247, total packets: 66
2025-07-24 17:04:03,782 - INFO - Sent end of frame 247, packet 65/65
2025-07-24 17:04:03,826 - INFO - Frame 248: Sending 67 packets, total size 91659 bytes
2025-07-24 17:04:03,826 - INFO - Sent start of frame 248, total packets: 67
2025-07-24 17:04:03,905 - INFO - Sent end of frame 248, packet 66/66
2025-07-24 17:04:03,948 - INFO - Frame 249: Sending 66 packets, total size 91254 bytes
2025-07-24 17:04:03,948 - INFO - Sent start of frame 249, total packets: 66
2025-07-24 17:04:04,026 - INFO - Sent end of frame 249, packet 65/65
2025-07-24 17:04:04,071 - INFO - Frame 250: Sending 68 packets, total size 93259 bytes
2025-07-24 17:04:04,071 - INFO - Sent start of frame 250, total packets: 68
2025-07-24 17:04:04,151 - INFO - Sent end of frame 250, packet 67/67
2025-07-24 17:04:04,195 - INFO - Frame 251: Sending 66 packets, total size 91342 bytes
2025-07-24 17:04:04,196 - INFO - Sent start of frame 251, total packets: 66
2025-07-24 17:04:04,272 - INFO - Sent end of frame 251, packet 65/65
2025-07-24 17:04:04,316 - INFO - Frame 252: Sending 66 packets, total size 91454 bytes
2025-07-24 17:04:04,316 - INFO - Sent start of frame 252, total packets: 66
2025-07-24 17:04:04,393 - INFO - Sent end of frame 252, packet 65/65
2025-07-24 17:04:04,438 - INFO - Frame 253: Sending 66 packets, total size 91255 bytes
2025-07-24 17:04:04,438 - INFO - Sent start of frame 253, total packets: 66
2025-07-24 17:04:04,516 - INFO - Sent end of frame 253, packet 65/65
2025-07-24 17:04:04,559 - INFO - Frame 254: Sending 67 packets, total size 92979 bytes
2025-07-24 17:04:04,560 - INFO - Sent start of frame 254, total packets: 67
2025-07-24 17:04:04,639 - INFO - Sent end of frame 254, packet 66/66
2025-07-24 17:04:04,683 - INFO - Frame 255: Sending 66 packets, total size 90919 bytes
2025-07-24 17:04:04,683 - INFO - Sent start of frame 255, total packets: 66
2025-07-24 17:04:04,762 - INFO - Sent end of frame 255, packet 65/65
2025-07-24 17:04:04,806 - INFO - Frame 256: Sending 66 packets, total size 91388 bytes
2025-07-24 17:04:04,806 - INFO - Sent start of frame 256, total packets: 66
2025-07-24 17:04:04,884 - INFO - Sent end of frame 256, packet 65/65
2025-07-24 17:04:04,928 - INFO - Frame 257: Sending 66 packets, total size 91158 bytes
2025-07-24 17:04:04,929 - INFO - Sent start of frame 257, total packets: 66
2025-07-24 17:04:05,007 - INFO - Sent end of frame 257, packet 65/65
2025-07-24 17:04:05,050 - INFO - Frame 258: Sending 67 packets, total size 92801 bytes
2025-07-24 17:04:05,050 - INFO - Sent start of frame 258, total packets: 67
2025-07-24 17:04:05,128 - INFO - Sent end of frame 258, packet 66/66
2025-07-24 17:04:05,172 - INFO - Frame 259: Sending 66 packets, total size 90869 bytes
2025-07-24 17:04:05,172 - INFO - Sent start of frame 259, total packets: 66
2025-07-24 17:04:05,253 - INFO - Sent end of frame 259, packet 65/65
2025-07-24 17:04:05,296 - INFO - Frame 260: Sending 66 packets, total size 91046 bytes
2025-07-24 17:04:05,297 - INFO - Sent start of frame 260, total packets: 66
2025-07-24 17:04:05,373 - INFO - Sent end of frame 260, packet 65/65
2025-07-24 17:04:05,417 - INFO - Frame 261: Sending 66 packets, total size 90695 bytes
2025-07-24 17:04:05,417 - INFO - Sent start of frame 261, total packets: 66
2025-07-24 17:04:05,494 - INFO - Sent end of frame 261, packet 65/65
2025-07-24 17:04:05,538 - INFO - Frame 262: Sending 67 packets, total size 92456 bytes
2025-07-24 17:04:05,539 - INFO - Sent start of frame 262, total packets: 67
2025-07-24 17:04:05,618 - INFO - Sent end of frame 262, packet 66/66
2025-07-24 17:04:05,662 - INFO - Frame 263: Sending 66 packets, total size 90690 bytes
2025-07-24 17:04:05,662 - INFO - Sent start of frame 263, total packets: 66
2025-07-24 17:04:05,740 - INFO - Sent end of frame 263, packet 65/65
2025-07-24 17:04:05,782 - INFO - Frame 264: Sending 66 packets, total size 91025 bytes
2025-07-24 17:04:05,782 - INFO - Sent start of frame 264, total packets: 66
2025-07-24 17:04:05,859 - INFO - Sent end of frame 264, packet 65/65
2025-07-24 17:04:05,903 - INFO - Frame 265: Sending 66 packets, total size 90778 bytes
2025-07-24 17:04:05,903 - INFO - Sent start of frame 265, total packets: 66
2025-07-24 17:04:05,980 - INFO - Sent end of frame 265, packet 65/65
2025-07-24 17:04:06,024 - INFO - Frame 266: Sending 67 packets, total size 92113 bytes
2025-07-24 17:04:06,024 - INFO - Sent start of frame 266, total packets: 67
2025-07-24 17:04:06,101 - INFO - Sent end of frame 266, packet 66/66
2025-07-24 17:04:06,145 - INFO - Frame 267: Sending 66 packets, total size 90484 bytes
2025-07-24 17:04:06,145 - INFO - Sent start of frame 267, total packets: 66
2025-07-24 17:04:06,223 - INFO - Sent end of frame 267, packet 65/65
2025-07-24 17:04:06,268 - INFO - Frame 268: Sending 66 packets, total size 90843 bytes
2025-07-24 17:04:06,268 - INFO - Sent start of frame 268, total packets: 66
2025-07-24 17:04:06,347 - INFO - Sent end of frame 268, packet 65/65
2025-07-24 17:04:06,391 - INFO - Frame 269: Sending 67 packets, total size 92193 bytes
2025-07-24 17:04:06,392 - INFO - Sent start of frame 269, total packets: 67
2025-07-24 17:04:06,469 - INFO - Sent end of frame 269, packet 66/66
2025-07-24 17:04:06,513 - INFO - Frame 270: Sending 67 packets, total size 92482 bytes
2025-07-24 17:04:06,513 - INFO - Sent start of frame 270, total packets: 67
2025-07-24 17:04:06,592 - INFO - Sent end of frame 270, packet 66/66
2025-07-24 17:04:06,636 - INFO - Frame 271: Sending 66 packets, total size 90702 bytes
2025-07-24 17:04:06,636 - INFO - Sent start of frame 271, total packets: 66
2025-07-24 17:04:06,713 - INFO - Sent end of frame 271, packet 65/65
2025-07-24 17:04:06,757 - INFO - Frame 272: Sending 66 packets, total size 91116 bytes
2025-07-24 17:04:06,757 - INFO - Sent start of frame 272, total packets: 66
2025-07-24 17:04:06,835 - INFO - Sent end of frame 272, packet 65/65
2025-07-24 17:04:06,880 - INFO - Frame 273: Sending 66 packets, total size 90474 bytes
2025-07-24 17:04:06,880 - INFO - Sent start of frame 273, total packets: 66
2025-07-24 17:04:07,002 - INFO - Sent end of frame 273, packet 65/65
2025-07-24 17:04:07,048 - INFO - Frame 274: Sending 67 packets, total size 91847 bytes
2025-07-24 17:04:07,048 - INFO - Sent start of frame 274, total packets: 67
2025-07-24 17:04:07,127 - INFO - Sent end of frame 274, packet 66/66
2025-07-24 17:04:07,170 - INFO - Frame 275: Sending 65 packets, total size 90064 bytes
2025-07-24 17:04:07,170 - INFO - Sent start of frame 275, total packets: 65
2025-07-24 17:04:07,248 - INFO - Sent end of frame 275, packet 64/64
2025-07-24 17:04:07,292 - INFO - Frame 276: Sending 66 packets, total size 90471 bytes
2025-07-24 17:04:07,292 - INFO - Sent start of frame 276, total packets: 66
2025-07-24 17:04:07,372 - INFO - Sent end of frame 276, packet 65/65
2025-07-24 17:04:07,413 - INFO - Frame 277: Sending 66 packets, total size 90226 bytes
2025-07-24 17:04:07,413 - INFO - Sent start of frame 277, total packets: 66
2025-07-24 17:04:07,490 - INFO - Sent end of frame 277, packet 65/65
2025-07-24 17:04:07,534 - INFO - Frame 278: Sending 67 packets, total size 91860 bytes
2025-07-24 17:04:07,534 - INFO - Sent start of frame 278, total packets: 67
2025-07-24 17:04:07,614 - INFO - Sent end of frame 278, packet 66/66
2025-07-24 17:04:07,658 - INFO - Frame 279: Sending 65 packets, total size 90098 bytes
2025-07-24 17:04:07,658 - INFO - Sent start of frame 279, total packets: 65
2025-07-24 17:04:07,734 - INFO - Sent end of frame 279, packet 64/64
2025-07-24 17:04:07,776 - INFO - Frame 280: Sending 66 packets, total size 90468 bytes
2025-07-24 17:04:07,777 - INFO - Sent start of frame 280, total packets: 66
2025-07-24 17:04:07,854 - INFO - Sent end of frame 280, packet 65/65
2025-07-24 17:04:07,899 - INFO - Frame 281: Sending 66 packets, total size 90333 bytes
2025-07-24 17:04:07,899 - INFO - Sent start of frame 281, total packets: 66
2025-07-24 17:04:07,977 - INFO - Sent end of frame 281, packet 65/65
2025-07-24 17:04:08,021 - INFO - Frame 282: Sending 67 packets, total size 92117 bytes
2025-07-24 17:04:08,021 - INFO - Sent start of frame 282, total packets: 67
2025-07-24 17:04:08,099 - INFO - Sent end of frame 282, packet 66/66
2025-07-24 17:04:08,139 - INFO - Frame 283: Sending 66 packets, total size 90265 bytes
2025-07-24 17:04:08,139 - INFO - Sent start of frame 283, total packets: 66
2025-07-24 17:04:08,215 - INFO - Sent end of frame 283, packet 65/65
2025-07-24 17:04:08,260 - INFO - Frame 284: Sending 66 packets, total size 90519 bytes
2025-07-24 17:04:08,260 - INFO - Sent start of frame 284, total packets: 66
2025-07-24 17:04:08,337 - INFO - Sent end of frame 284, packet 65/65
2025-07-24 17:04:08,380 - INFO - Frame 285: Sending 66 packets, total size 90383 bytes
2025-07-24 17:04:08,380 - INFO - Sent start of frame 285, total packets: 66
2025-07-24 17:04:08,458 - INFO - Sent end of frame 285, packet 65/65
2025-07-24 17:04:08,501 - INFO - Frame 286: Sending 67 packets, total size 92029 bytes
2025-07-24 17:04:08,501 - INFO - Sent start of frame 286, total packets: 67
2025-07-24 17:04:08,579 - INFO - Sent end of frame 286, packet 66/66
2025-07-24 17:04:08,620 - INFO - Frame 287: Sending 65 packets, total size 90072 bytes
2025-07-24 17:04:08,620 - INFO - Sent start of frame 287, total packets: 65
2025-07-24 17:04:08,697 - INFO - Sent end of frame 287, packet 64/64
2025-07-24 17:04:08,739 - INFO - Frame 288: Sending 66 packets, total size 90340 bytes
2025-07-24 17:04:08,739 - INFO - Sent start of frame 288, total packets: 66
2025-07-24 17:04:08,818 - INFO - Sent end of frame 288, packet 65/65
2025-07-24 17:04:08,861 - INFO - Frame 289: Sending 65 packets, total size 90108 bytes
2025-07-24 17:04:08,861 - INFO - Sent start of frame 289, total packets: 65
2025-07-24 17:04:08,979 - INFO - Sent end of frame 289, packet 64/64
2025-07-24 17:04:09,022 - INFO - Frame 290: Sending 67 packets, total size 92105 bytes
2025-07-24 17:04:09,022 - INFO - Sent start of frame 290, total packets: 67
2025-07-24 17:04:09,100 - INFO - Sent end of frame 290, packet 66/66
2025-07-24 17:04:09,145 - INFO - Frame 291: Sending 65 packets, total size 89958 bytes
2025-07-24 17:04:09,145 - INFO - Sent start of frame 291, total packets: 65
2025-07-24 17:04:09,220 - INFO - Sent end of frame 291, packet 64/64
2025-07-24 17:04:09,260 - INFO - Frame 292: Sending 66 packets, total size 90348 bytes
2025-07-24 17:04:09,260 - INFO - Sent start of frame 292, total packets: 66
2025-07-24 17:04:09,340 - INFO - Sent end of frame 292, packet 65/65
2025-07-24 17:04:09,383 - INFO - Frame 293: Sending 65 packets, total size 90003 bytes
2025-07-24 17:04:09,383 - INFO - Sent start of frame 293, total packets: 65
2025-07-24 17:04:09,459 - INFO - Sent end of frame 293, packet 64/64
2025-07-24 17:04:09,502 - INFO - Frame 294: Sending 67 packets, total size 91934 bytes
2025-07-24 17:04:09,502 - INFO - Sent start of frame 294, total packets: 67
2025-07-24 17:04:09,582 - INFO - Sent end of frame 294, packet 66/66
2025-07-24 17:04:09,621 - INFO - Frame 295: Sending 65 packets, total size 90115 bytes
2025-07-24 17:04:09,621 - INFO - Sent start of frame 295, total packets: 65
2025-07-24 17:04:09,697 - INFO - Sent end of frame 295, packet 64/64
2025-07-24 17:04:09,738 - INFO - Frame 296: Sending 66 packets, total size 90554 bytes
2025-07-24 17:04:09,739 - INFO - Sent start of frame 296, total packets: 66
2025-07-24 17:04:09,816 - INFO - Sent end of frame 296, packet 65/65
2025-07-24 17:04:09,859 - INFO - Frame 297: Sending 65 packets, total size 90084 bytes
2025-07-24 17:04:09,859 - INFO - Sent start of frame 297, total packets: 65
2025-07-24 17:04:09,934 - INFO - Sent end of frame 297, packet 64/64
2025-07-24 17:04:09,976 - INFO - Frame 298: Sending 67 packets, total size 92066 bytes
2025-07-24 17:04:09,976 - INFO - Sent start of frame 298, total packets: 67
2025-07-24 17:04:10,054 - INFO - Sent end of frame 298, packet 66/66
2025-07-24 17:04:10,097 - INFO - Frame 299: Sending 65 packets, total size 90077 bytes
2025-07-24 17:04:10,097 - INFO - Sent start of frame 299, total packets: 65
2025-07-24 17:04:10,173 - INFO - Sent end of frame 299, packet 64/64
2025-07-24 17:04:10,216 - INFO - Frame 300: Sending 65 packets, total size 89838 bytes
2025-07-24 17:04:10,216 - INFO - Sent start of frame 300, total packets: 65
2025-07-24 17:04:10,291 - INFO - Sent end of frame 300, packet 64/64
2025-07-24 17:04:10,334 - INFO - Frame 301: Sending 65 packets, total size 89595 bytes
2025-07-24 17:04:10,334 - INFO - Sent start of frame 301, total packets: 65
2025-07-24 17:04:10,410 - INFO - Sent end of frame 301, packet 64/64
2025-07-24 17:04:10,454 - INFO - Frame 302: Sending 66 packets, total size 91531 bytes
2025-07-24 17:04:10,454 - INFO - Sent start of frame 302, total packets: 66
2025-07-24 17:04:10,532 - INFO - Sent end of frame 302, packet 65/65
2025-07-24 17:04:10,576 - INFO - Frame 303: Sending 65 packets, total size 89824 bytes
2025-07-24 17:04:10,576 - INFO - Sent start of frame 303, total packets: 65
2025-07-24 17:04:10,653 - INFO - Sent end of frame 303, packet 64/64
2025-07-24 17:04:10,694 - INFO - Frame 304: Sending 66 packets, total size 90226 bytes
2025-07-24 17:04:10,695 - INFO - Sent start of frame 304, total packets: 66
2025-07-24 17:04:10,773 - INFO - Sent end of frame 304, packet 65/65
2025-07-24 17:04:10,838 - INFO - Frame 305: Sending 65 packets, total size 89962 bytes
2025-07-24 17:04:10,838 - INFO - Sent start of frame 305, total packets: 65
2025-07-24 17:04:10,918 - INFO - Sent end of frame 305, packet 64/64
2025-07-24 17:04:10,961 - INFO - Frame 306: Sending 66 packets, total size 91565 bytes
2025-07-24 17:04:10,961 - INFO - Sent start of frame 306, total packets: 66
2025-07-24 17:04:11,038 - INFO - Sent end of frame 306, packet 65/65
2025-07-24 17:04:11,103 - INFO - Frame 307: Sending 65 packets, total size 89904 bytes
2025-07-24 17:04:11,104 - INFO - Sent start of frame 307, total packets: 65
2025-07-24 17:04:11,179 - INFO - Sent end of frame 307, packet 64/64
2025-07-24 17:04:11,219 - INFO - Frame 308: Sending 66 packets, total size 90324 bytes
2025-07-24 17:04:11,220 - INFO - Sent start of frame 308, total packets: 66
2025-07-24 17:04:11,297 - INFO - Sent end of frame 308, packet 65/65
2025-07-24 17:04:11,342 - INFO - Frame 309: Sending 65 packets, total size 90163 bytes
2025-07-24 17:04:11,342 - INFO - Sent start of frame 309, total packets: 65
2025-07-24 17:04:11,419 - INFO - Sent end of frame 309, packet 64/64
2025-07-24 17:04:11,463 - INFO - Frame 310: Sending 67 packets, total size 92015 bytes
2025-07-24 17:04:11,463 - INFO - Sent start of frame 310, total packets: 67
2025-07-24 17:04:11,543 - INFO - Sent end of frame 310, packet 66/66
2025-07-24 17:04:11,586 - INFO - Frame 311: Sending 65 packets, total size 90068 bytes
2025-07-24 17:04:11,587 - INFO - Sent start of frame 311, total packets: 65
2025-07-24 17:04:11,663 - INFO - Sent end of frame 311, packet 64/64
2025-07-24 17:04:11,702 - INFO - Frame 312: Sending 66 packets, total size 90432 bytes
2025-07-24 17:04:11,702 - INFO - Sent start of frame 312, total packets: 66
2025-07-24 17:04:11,779 - INFO - Sent end of frame 312, packet 65/65
2025-07-24 17:04:11,822 - INFO - Frame 313: Sending 66 packets, total size 90247 bytes
2025-07-24 17:04:11,822 - INFO - Sent start of frame 313, total packets: 66
2025-07-24 17:04:11,900 - INFO - Sent end of frame 313, packet 65/65
2025-07-24 17:04:11,944 - INFO - Frame 314: Sending 67 packets, total size 92045 bytes
2025-07-24 17:04:11,944 - INFO - Sent start of frame 314, total packets: 67
2025-07-24 17:04:12,022 - INFO - Sent end of frame 314, packet 66/66
2025-07-24 17:04:12,066 - INFO - Frame 315: Sending 65 packets, total size 90116 bytes
2025-07-24 17:04:12,066 - INFO - Sent start of frame 315, total packets: 65
2025-07-24 17:04:12,142 - INFO - Sent end of frame 315, packet 64/64
2025-07-24 17:04:12,186 - INFO - Frame 316: Sending 66 packets, total size 90253 bytes
2025-07-24 17:04:12,186 - INFO - Sent start of frame 316, total packets: 66
2025-07-24 17:04:12,262 - INFO - Sent end of frame 316, packet 65/65
2025-07-24 17:04:12,306 - INFO - Frame 317: Sending 67 packets, total size 91860 bytes
2025-07-24 17:04:12,306 - INFO - Sent start of frame 317, total packets: 67
2025-07-24 17:04:12,384 - INFO - Sent end of frame 317, packet 66/66
2025-07-24 17:04:12,428 - INFO - Frame 318: Sending 65 packets, total size 90110 bytes
2025-07-24 17:04:12,428 - INFO - Sent start of frame 318, total packets: 65
2025-07-24 17:04:12,505 - INFO - Sent end of frame 318, packet 64/64
2025-07-24 17:04:12,549 - INFO - Frame 319: Sending 66 packets, total size 90289 bytes
2025-07-24 17:04:12,550 - INFO - Sent start of frame 319, total packets: 66
2025-07-24 17:04:12,628 - INFO - Sent end of frame 319, packet 65/65
2025-07-24 17:04:12,670 - INFO - Frame 320: Sending 67 packets, total size 91944 bytes
2025-07-24 17:04:12,671 - INFO - Sent start of frame 320, total packets: 67
2025-07-24 17:04:12,786 - INFO - Sent end of frame 320, packet 66/66
2025-07-24 17:04:12,829 - INFO - Frame 321: Sending 65 packets, total size 89884 bytes
2025-07-24 17:04:12,830 - INFO - Sent start of frame 321, total packets: 65
2025-07-24 17:04:12,908 - INFO - Sent end of frame 321, packet 64/64
2025-07-24 17:04:12,952 - INFO - Frame 322: Sending 66 packets, total size 90435 bytes
2025-07-24 17:04:12,952 - INFO - Sent start of frame 322, total packets: 66
2025-07-24 17:04:13,029 - INFO - Sent end of frame 322, packet 65/65
2025-07-24 17:04:13,073 - INFO - Frame 323: Sending 66 packets, total size 90304 bytes
2025-07-24 17:04:13,073 - INFO - Sent start of frame 323, total packets: 66
2025-07-24 17:04:13,152 - INFO - Sent end of frame 323, packet 65/65
2025-07-24 17:04:13,195 - INFO - Frame 324: Sending 67 packets, total size 91867 bytes
2025-07-24 17:04:13,195 - INFO - Sent start of frame 324, total packets: 67
2025-07-24 17:04:13,274 - INFO - Sent end of frame 324, packet 66/66
2025-07-24 17:04:13,319 - INFO - Frame 325: Sending 65 packets, total size 90040 bytes
2025-07-24 17:04:13,319 - INFO - Sent start of frame 325, total packets: 65
2025-07-24 17:04:13,396 - INFO - Sent end of frame 325, packet 64/64
2025-07-24 17:04:13,437 - INFO - Frame 326: Sending 66 packets, total size 90582 bytes
2025-07-24 17:04:13,438 - INFO - Sent start of frame 326, total packets: 66
2025-07-24 17:04:13,549 - INFO - Sent end of frame 326, packet 65/65
2025-07-24 17:04:13,593 - INFO - Frame 327: Sending 66 packets, total size 90232 bytes
2025-07-24 17:04:13,593 - INFO - Sent start of frame 327, total packets: 66
2025-07-24 17:04:13,670 - INFO - Sent end of frame 327, packet 65/65
2025-07-24 17:04:13,714 - INFO - Frame 328: Sending 67 packets, total size 92132 bytes
2025-07-24 17:04:13,714 - INFO - Sent start of frame 328, total packets: 67
2025-07-24 17:04:13,794 - INFO - Sent end of frame 328, packet 66/66
2025-07-24 17:04:13,839 - INFO - Frame 329: Sending 65 packets, total size 90189 bytes
2025-07-24 17:04:13,839 - INFO - Sent start of frame 329, total packets: 65
2025-07-24 17:04:13,915 - INFO - Sent end of frame 329, packet 64/64
2025-07-24 17:04:13,959 - INFO - Frame 330: Sending 66 packets, total size 90534 bytes
2025-07-24 17:04:13,960 - INFO - Sent start of frame 330, total packets: 66
2025-07-24 17:04:14,040 - INFO - Sent end of frame 330, packet 65/65
2025-07-24 17:04:14,081 - INFO - Frame 331: Sending 65 packets, total size 90085 bytes
2025-07-24 17:04:14,082 - INFO - Sent start of frame 331, total packets: 65
2025-07-24 17:04:14,158 - INFO - Sent end of frame 331, packet 64/64
2025-07-24 17:04:14,203 - INFO - Frame 332: Sending 67 packets, total size 92097 bytes
2025-07-24 17:04:14,204 - INFO - Sent start of frame 332, total packets: 67
2025-07-24 17:04:14,285 - INFO - Sent end of frame 332, packet 66/66
2025-07-24 17:04:14,329 - INFO - Frame 333: Sending 65 packets, total size 89918 bytes
2025-07-24 17:04:14,329 - INFO - Sent start of frame 333, total packets: 65
2025-07-24 17:04:14,407 - INFO - Sent end of frame 333, packet 64/64
2025-07-24 17:04:14,451 - INFO - Frame 334: Sending 66 packets, total size 90572 bytes
2025-07-24 17:04:14,451 - INFO - Sent start of frame 334, total packets: 66
2025-07-24 17:04:14,530 - INFO - Sent end of frame 334, packet 65/65
2025-07-24 17:04:14,574 - INFO - Frame 335: Sending 65 packets, total size 90109 bytes
2025-07-24 17:04:14,575 - INFO - Sent start of frame 335, total packets: 65
2025-07-24 17:04:14,653 - INFO - Sent end of frame 335, packet 64/64
2025-07-24 17:04:14,698 - INFO - Frame 336: Sending 67 packets, total size 92021 bytes
2025-07-24 17:04:14,699 - INFO - Sent start of frame 336, total packets: 67
2025-07-24 17:04:14,779 - INFO - Sent end of frame 336, packet 66/66
2025-07-24 17:04:14,822 - INFO - Frame 337: Sending 65 packets, total size 89862 bytes
2025-07-24 17:04:14,823 - INFO - Sent start of frame 337, total packets: 65
2025-07-24 17:04:14,901 - INFO - Sent end of frame 337, packet 64/64
2025-07-24 17:04:14,945 - INFO - Frame 338: Sending 66 packets, total size 90509 bytes
2025-07-24 17:04:14,945 - INFO - Sent start of frame 338, total packets: 66
2025-07-24 17:04:15,024 - INFO - Sent end of frame 338, packet 65/65
2025-07-24 17:04:15,067 - INFO - Frame 339: Sending 66 packets, total size 90399 bytes
2025-07-24 17:04:15,067 - INFO - Sent start of frame 339, total packets: 66
2025-07-24 17:04:15,146 - INFO - Sent end of frame 339, packet 65/65
2025-07-24 17:04:15,188 - INFO - Frame 340: Sending 67 packets, total size 92265 bytes
2025-07-24 17:04:15,188 - INFO - Sent start of frame 340, total packets: 67
2025-07-24 17:04:15,265 - INFO - Sent end of frame 340, packet 66/66
2025-07-24 17:04:15,308 - INFO - Frame 341: Sending 66 packets, total size 90310 bytes
2025-07-24 17:04:15,308 - INFO - Sent start of frame 341, total packets: 66
2025-07-24 17:04:15,387 - INFO - Sent end of frame 341, packet 65/65
2025-07-24 17:04:15,432 - INFO - Frame 342: Sending 66 packets, total size 90539 bytes
2025-07-24 17:04:15,432 - INFO - Sent start of frame 342, total packets: 66
2025-07-24 17:04:15,511 - INFO - Sent end of frame 342, packet 65/65
2025-07-24 17:04:15,553 - INFO - Frame 343: Sending 66 packets, total size 90255 bytes
2025-07-24 17:04:15,553 - INFO - Sent start of frame 343, total packets: 66
2025-07-24 17:04:15,632 - INFO - Sent end of frame 343, packet 65/65
2025-07-24 17:04:15,676 - INFO - Frame 344: Sending 67 packets, total size 92285 bytes
2025-07-24 17:04:15,677 - INFO - Sent start of frame 344, total packets: 67
2025-07-24 17:04:15,758 - INFO - Sent end of frame 344, packet 66/66
2025-07-24 17:04:15,802 - INFO - Frame 345: Sending 65 packets, total size 90216 bytes
2025-07-24 17:04:15,803 - INFO - Sent start of frame 345, total packets: 65
2025-07-24 17:04:15,880 - INFO - Sent end of frame 345, packet 64/64
2025-07-24 17:04:15,924 - INFO - Frame 346: Sending 66 packets, total size 90687 bytes
2025-07-24 17:04:15,924 - INFO - Sent start of frame 346, total packets: 66
2025-07-24 17:04:16,001 - INFO - Sent end of frame 346, packet 65/65
2025-07-24 17:04:16,042 - INFO - Frame 347: Sending 66 packets, total size 90431 bytes
2025-07-24 17:04:16,043 - INFO - Sent start of frame 347, total packets: 66
2025-07-24 17:04:16,121 - INFO - Sent end of frame 347, packet 65/65
2025-07-24 17:04:16,165 - INFO - Frame 348: Sending 67 packets, total size 92225 bytes
2025-07-24 17:04:16,165 - INFO - Sent start of frame 348, total packets: 67
2025-07-24 17:04:16,245 - INFO - Sent end of frame 348, packet 66/66
2025-07-24 17:04:16,290 - INFO - Frame 349: Sending 66 packets, total size 90341 bytes
2025-07-24 17:04:16,291 - INFO - Sent start of frame 349, total packets: 66
2025-07-24 17:04:16,371 - INFO - Sent end of frame 349, packet 65/65
2025-07-24 17:04:16,414 - INFO - Frame 350: Sending 66 packets, total size 90667 bytes
2025-07-24 17:04:16,415 - INFO - Sent start of frame 350, total packets: 66
2025-07-24 17:04:16,495 - INFO - Sent end of frame 350, packet 65/65
2025-07-24 17:04:16,536 - INFO - Frame 351: Sending 66 packets, total size 90509 bytes
2025-07-24 17:04:16,537 - INFO - Sent start of frame 351, total packets: 66
2025-07-24 17:04:16,615 - INFO - Sent end of frame 351, packet 65/65
2025-07-24 17:04:16,660 - INFO - Frame 352: Sending 67 packets, total size 92203 bytes
2025-07-24 17:04:16,660 - INFO - Sent start of frame 352, total packets: 67
2025-07-24 17:04:16,740 - INFO - Sent end of frame 352, packet 66/66
2025-07-24 17:04:16,785 - INFO - Frame 353: Sending 65 packets, total size 90184 bytes
2025-07-24 17:04:16,785 - INFO - Sent start of frame 353, total packets: 65
2025-07-24 17:04:16,863 - INFO - Sent end of frame 353, packet 64/64
2025-07-24 17:04:16,906 - INFO - Frame 354: Sending 66 packets, total size 90587 bytes
2025-07-24 17:04:16,906 - INFO - Sent start of frame 354, total packets: 66
2025-07-24 17:04:16,984 - INFO - Sent end of frame 354, packet 65/65
2025-07-24 17:04:17,028 - INFO - Frame 355: Sending 66 packets, total size 90480 bytes
2025-07-24 17:04:17,028 - INFO - Sent start of frame 355, total packets: 66
2025-07-24 17:04:17,107 - INFO - Sent end of frame 355, packet 65/65
2025-07-24 17:04:17,153 - INFO - Frame 356: Sending 67 packets, total size 91924 bytes
2025-07-24 17:04:17,153 - INFO - Sent start of frame 356, total packets: 67
2025-07-24 17:04:17,233 - INFO - Sent end of frame 356, packet 66/66
2025-07-24 17:04:17,276 - INFO - Frame 357: Sending 65 packets, total size 90188 bytes
2025-07-24 17:04:17,276 - INFO - Sent start of frame 357, total packets: 65
2025-07-24 17:04:17,355 - INFO - Sent end of frame 357, packet 64/64
2025-07-24 17:04:17,398 - INFO - Frame 358: Sending 66 packets, total size 90611 bytes
2025-07-24 17:04:17,398 - INFO - Sent start of frame 358, total packets: 66
2025-07-24 17:04:17,479 - INFO - Sent end of frame 358, packet 65/65
2025-07-24 17:04:17,524 - INFO - Frame 359: Sending 67 packets, total size 92148 bytes
2025-07-24 17:04:17,524 - INFO - Sent start of frame 359, total packets: 67
2025-07-24 17:04:17,607 - INFO - Sent end of frame 359, packet 66/66
2025-07-24 17:04:17,651 - INFO - Frame 360: Sending 67 packets, total size 91633 bytes
2025-07-24 17:04:17,651 - INFO - Sent start of frame 360, total packets: 67
2025-07-24 17:04:17,731 - INFO - Sent end of frame 360, packet 66/66
2025-07-24 17:04:17,776 - INFO - Frame 361: Sending 65 packets, total size 90043 bytes
2025-07-24 17:04:17,776 - INFO - Sent start of frame 361, total packets: 65
2025-07-24 17:04:17,854 - INFO - Sent end of frame 361, packet 64/64
2025-07-24 17:04:17,898 - INFO - Frame 362: Sending 65 packets, total size 90137 bytes
2025-07-24 17:04:17,899 - INFO - Sent start of frame 362, total packets: 65
2025-07-24 17:04:17,978 - INFO - Sent end of frame 362, packet 64/64
2025-07-24 17:04:18,022 - INFO - Frame 363: Sending 65 packets, total size 89923 bytes
2025-07-24 17:04:18,022 - INFO - Sent start of frame 363, total packets: 65
2025-07-24 17:04:18,102 - INFO - Sent end of frame 363, packet 64/64
2025-07-24 17:04:18,148 - INFO - Frame 364: Sending 66 packets, total size 91190 bytes
2025-07-24 17:04:18,148 - INFO - Sent start of frame 364, total packets: 66
2025-07-24 17:04:18,227 - INFO - Sent end of frame 364, packet 65/65
2025-07-24 17:04:18,272 - INFO - Frame 365: Sending 65 packets, total size 89719 bytes
2025-07-24 17:04:18,272 - INFO - Sent start of frame 365, total packets: 65
2025-07-24 17:04:18,348 - INFO - Sent end of frame 365, packet 64/64
2025-07-24 17:04:18,391 - INFO - Frame 366: Sending 65 packets, total size 90121 bytes
2025-07-24 17:04:18,391 - INFO - Sent start of frame 366, total packets: 65
2025-07-24 17:04:18,468 - INFO - Sent end of frame 366, packet 64/64
2025-07-24 17:04:18,512 - INFO - Frame 367: Sending 65 packets, total size 89875 bytes
2025-07-24 17:04:18,513 - INFO - Sent start of frame 367, total packets: 65
2025-07-24 17:04:18,593 - INFO - Sent end of frame 367, packet 64/64
2025-07-24 17:04:18,637 - INFO - Frame 368: Sending 66 packets, total size 91437 bytes
2025-07-24 17:04:18,637 - INFO - Sent start of frame 368, total packets: 66
2025-07-24 17:04:18,718 - INFO - Sent end of frame 368, packet 65/65
2025-07-24 17:04:18,761 - INFO - Frame 369: Sending 65 packets, total size 89792 bytes
2025-07-24 17:04:18,762 - INFO - Sent start of frame 369, total packets: 65
2025-07-24 17:04:18,842 - INFO - Sent end of frame 369, packet 64/64
2025-07-24 17:04:18,887 - INFO - Frame 370: Sending 65 packets, total size 90215 bytes
2025-07-24 17:04:18,887 - INFO - Sent start of frame 370, total packets: 65
2025-07-24 17:04:18,969 - INFO - Sent end of frame 370, packet 64/64
2025-07-24 17:04:19,010 - INFO - Frame 371: Sending 65 packets, total size 90108 bytes
2025-07-24 17:04:19,011 - INFO - Sent start of frame 371, total packets: 65
2025-07-24 17:04:19,089 - INFO - Sent end of frame 371, packet 64/64
2025-07-24 17:04:19,133 - INFO - Frame 372: Sending 67 packets, total size 91640 bytes
2025-07-24 17:04:19,133 - INFO - Sent start of frame 372, total packets: 67
2025-07-24 17:04:19,214 - INFO - Sent end of frame 372, packet 66/66
2025-07-24 17:04:19,259 - INFO - Frame 373: Sending 65 packets, total size 89955 bytes
2025-07-24 17:04:19,259 - INFO - Sent start of frame 373, total packets: 65
2025-07-24 17:04:19,339 - INFO - Sent end of frame 373, packet 64/64
2025-07-24 17:04:19,384 - INFO - Frame 374: Sending 66 packets, total size 90603 bytes
2025-07-24 17:04:19,384 - INFO - Sent start of frame 374, total packets: 66
2025-07-24 17:04:19,465 - INFO - Sent end of frame 374, packet 65/65
2025-07-24 17:04:19,509 - INFO - Frame 375: Sending 65 packets, total size 90212 bytes
2025-07-24 17:04:19,509 - INFO - Sent start of frame 375, total packets: 65
2025-07-24 17:04:19,589 - INFO - Sent end of frame 375, packet 64/64
2025-07-24 17:04:19,635 - INFO - Frame 376: Sending 67 packets, total size 91819 bytes
2025-07-24 17:04:19,635 - INFO - Sent start of frame 376, total packets: 67
2025-07-24 17:04:19,717 - INFO - Sent end of frame 376, packet 66/66
2025-07-24 17:04:19,761 - INFO - Frame 377: Sending 65 packets, total size 90138 bytes
2025-07-24 17:04:19,761 - INFO - Sent start of frame 377, total packets: 65
2025-07-24 17:04:19,840 - INFO - Sent end of frame 377, packet 64/64
2025-07-24 17:04:19,884 - INFO - Frame 378: Sending 66 packets, total size 90651 bytes
2025-07-24 17:04:19,885 - INFO - Sent start of frame 378, total packets: 66
2025-07-24 17:04:19,965 - INFO - Sent end of frame 378, packet 65/65
2025-07-24 17:04:20,009 - INFO - Frame 379: Sending 66 packets, total size 90303 bytes
2025-07-24 17:04:20,009 - INFO - Sent start of frame 379, total packets: 66
2025-07-24 17:04:20,088 - INFO - Sent end of frame 379, packet 65/65
2025-07-24 17:04:20,132 - INFO - Frame 380: Sending 67 packets, total size 91873 bytes
2025-07-24 17:04:20,132 - INFO - Sent start of frame 380, total packets: 67
2025-07-24 17:04:20,210 - INFO - Sent end of frame 380, packet 66/66
2025-07-24 17:04:20,252 - INFO - Frame 381: Sending 66 packets, total size 90285 bytes
2025-07-24 17:04:20,252 - INFO - Sent start of frame 381, total packets: 66
2025-07-24 17:04:20,329 - INFO - Sent end of frame 381, packet 65/65
2025-07-24 17:04:20,372 - INFO - Frame 382: Sending 66 packets, total size 90834 bytes
2025-07-24 17:04:20,372 - INFO - Sent start of frame 382, total packets: 66
2025-07-24 17:04:20,453 - INFO - Sent end of frame 382, packet 65/65
2025-07-24 17:04:20,498 - INFO - Frame 383: Sending 66 packets, total size 90473 bytes
2025-07-24 17:04:20,498 - INFO - Sent start of frame 383, total packets: 66
2025-07-24 17:04:20,576 - INFO - Sent end of frame 383, packet 65/65
2025-07-24 17:04:20,620 - INFO - Frame 384: Sending 67 packets, total size 92197 bytes
2025-07-24 17:04:20,621 - INFO - Sent start of frame 384, total packets: 67
2025-07-24 17:04:20,702 - INFO - Sent end of frame 384, packet 66/66
2025-07-24 17:04:20,747 - INFO - Frame 385: Sending 66 packets, total size 90271 bytes
2025-07-24 17:04:20,747 - INFO - Sent start of frame 385, total packets: 66
2025-07-24 17:04:20,827 - INFO - Sent end of frame 385, packet 65/65
2025-07-24 17:04:20,870 - INFO - Frame 386: Sending 66 packets, total size 90858 bytes
2025-07-24 17:04:20,870 - INFO - Sent start of frame 386, total packets: 66
2025-07-24 17:04:20,950 - INFO - Sent end of frame 386, packet 65/65
2025-07-24 17:04:20,993 - INFO - Frame 387: Sending 66 packets, total size 90501 bytes
2025-07-24 17:04:20,993 - INFO - Sent start of frame 387, total packets: 66
2025-07-24 17:04:21,071 - INFO - Sent end of frame 387, packet 65/65
2025-07-24 17:04:21,114 - INFO - Frame 388: Sending 67 packets, total size 92251 bytes
2025-07-24 17:04:21,115 - INFO - Sent start of frame 388, total packets: 67
2025-07-24 17:04:21,193 - INFO - Sent end of frame 388, packet 66/66
2025-07-24 17:04:21,238 - INFO - Frame 389: Sending 66 packets, total size 90526 bytes
2025-07-24 17:04:21,238 - INFO - Sent start of frame 389, total packets: 66
2025-07-24 17:04:21,315 - INFO - Sent end of frame 389, packet 65/65
2025-07-24 17:04:21,359 - INFO - Frame 390: Sending 66 packets, total size 90996 bytes
2025-07-24 17:04:21,359 - INFO - Sent start of frame 390, total packets: 66
2025-07-24 17:04:21,436 - INFO - Sent end of frame 390, packet 65/65
2025-07-24 17:04:21,477 - INFO - Frame 391: Sending 66 packets, total size 90963 bytes
2025-07-24 17:04:21,477 - INFO - Sent start of frame 391, total packets: 66
2025-07-24 17:04:21,555 - INFO - Sent end of frame 391, packet 65/65
2025-07-24 17:04:21,598 - INFO - Frame 392: Sending 67 packets, total size 92532 bytes
2025-07-24 17:04:21,599 - INFO - Sent start of frame 392, total packets: 67
2025-07-24 17:04:21,678 - INFO - Sent end of frame 392, packet 66/66
2025-07-24 17:04:21,720 - INFO - Frame 393: Sending 66 packets, total size 90704 bytes
2025-07-24 17:04:21,721 - INFO - Sent start of frame 393, total packets: 66
2025-07-24 17:04:21,797 - INFO - Sent end of frame 393, packet 65/65
2025-07-24 17:04:21,841 - INFO - Frame 394: Sending 66 packets, total size 90974 bytes
2025-07-24 17:04:21,841 - INFO - Sent start of frame 394, total packets: 66
2025-07-24 17:04:21,916 - INFO - Sent end of frame 394, packet 65/65
2025-07-24 17:04:21,960 - INFO - Frame 395: Sending 66 packets, total size 90818 bytes
2025-07-24 17:04:21,960 - INFO - Sent start of frame 395, total packets: 66
2025-07-24 17:04:22,039 - INFO - Sent end of frame 395, packet 65/65
2025-07-24 17:04:22,084 - INFO - Frame 396: Sending 67 packets, total size 92687 bytes
2025-07-24 17:04:22,085 - INFO - Sent start of frame 396, total packets: 67
2025-07-24 17:04:22,163 - INFO - Sent end of frame 396, packet 66/66
2025-07-24 17:04:22,206 - INFO - Frame 397: Sending 66 packets, total size 90687 bytes
2025-07-24 17:04:22,206 - INFO - Sent start of frame 397, total packets: 66
2025-07-24 17:04:22,285 - INFO - Sent end of frame 397, packet 65/65
2025-07-24 17:04:22,328 - INFO - Frame 398: Sending 66 packets, total size 91223 bytes
2025-07-24 17:04:22,328 - INFO - Sent start of frame 398, total packets: 66
2025-07-24 17:04:22,407 - INFO - Sent end of frame 398, packet 65/65
2025-07-24 17:04:22,449 - INFO - Frame 399: Sending 66 packets, total size 90803 bytes
2025-07-24 17:04:22,449 - INFO - Sent start of frame 399, total packets: 66
2025-07-24 17:04:22,527 - INFO - Sent end of frame 399, packet 65/65
2025-07-24 17:04:22,570 - INFO - Frame 400: Sending 67 packets, total size 92313 bytes
2025-07-24 17:04:22,570 - INFO - Sent start of frame 400, total packets: 67
2025-07-24 17:04:22,651 - INFO - Sent end of frame 400, packet 66/66
2025-07-24 17:04:22,695 - INFO - Frame 401: Sending 66 packets, total size 90631 bytes
2025-07-24 17:04:22,695 - INFO - Sent start of frame 401, total packets: 66
2025-07-24 17:04:22,773 - INFO - Sent end of frame 401, packet 65/65
2025-07-24 17:04:22,818 - INFO - Frame 402: Sending 66 packets, total size 91019 bytes
2025-07-24 17:04:22,818 - INFO - Sent start of frame 402, total packets: 66
2025-07-24 17:04:22,895 - INFO - Sent end of frame 402, packet 65/65
2025-07-24 17:04:22,936 - INFO - Frame 403: Sending 66 packets, total size 90905 bytes
2025-07-24 17:04:22,936 - INFO - Sent start of frame 403, total packets: 66
2025-07-24 17:04:23,015 - INFO - Sent end of frame 403, packet 65/65
2025-07-24 17:04:23,060 - INFO - Frame 404: Sending 67 packets, total size 92345 bytes
2025-07-24 17:04:23,060 - INFO - Sent start of frame 404, total packets: 67
2025-07-24 17:04:23,140 - INFO - Sent end of frame 404, packet 66/66
2025-07-24 17:04:23,186 - INFO - Frame 405: Sending 66 packets, total size 90511 bytes
2025-07-24 17:04:23,186 - INFO - Sent start of frame 405, total packets: 66
2025-07-24 17:04:23,264 - INFO - Sent end of frame 405, packet 65/65
2025-07-24 17:04:23,306 - INFO - Frame 406: Sending 66 packets, total size 91038 bytes
2025-07-24 17:04:23,307 - INFO - Sent start of frame 406, total packets: 66
2025-07-24 17:04:23,425 - INFO - Sent end of frame 406, packet 65/65
2025-07-24 17:04:23,469 - INFO - Frame 407: Sending 66 packets, total size 90820 bytes
2025-07-24 17:04:23,469 - INFO - Sent start of frame 407, total packets: 66
2025-07-24 17:04:23,547 - INFO - Sent end of frame 407, packet 65/65
2025-07-24 17:04:23,592 - INFO - Frame 408: Sending 67 packets, total size 92215 bytes
2025-07-24 17:04:23,592 - INFO - Sent start of frame 408, total packets: 67
2025-07-24 17:04:23,672 - INFO - Sent end of frame 408, packet 66/66
2025-07-24 17:04:23,717 - INFO - Frame 409: Sending 66 packets, total size 90426 bytes
2025-07-24 17:04:23,717 - INFO - Sent start of frame 409, total packets: 66
2025-07-24 17:04:23,796 - INFO - Sent end of frame 409, packet 65/65
2025-07-24 17:04:23,836 - INFO - Frame 410: Sending 66 packets, total size 91041 bytes
2025-07-24 17:04:23,836 - INFO - Sent start of frame 410, total packets: 66
2025-07-24 17:04:23,916 - INFO - Sent end of frame 410, packet 65/65
2025-07-24 17:04:23,959 - INFO - Frame 411: Sending 66 packets, total size 90788 bytes
2025-07-24 17:04:23,960 - INFO - Sent start of frame 411, total packets: 66
2025-07-24 17:04:24,041 - INFO - Sent end of frame 411, packet 65/65
2025-07-24 17:04:24,085 - INFO - Frame 412: Sending 67 packets, total size 92300 bytes
2025-07-24 17:04:24,085 - INFO - Sent start of frame 412, total packets: 67
2025-07-24 17:04:24,165 - INFO - Sent end of frame 412, packet 66/66
2025-07-24 17:04:24,210 - INFO - Frame 413: Sending 66 packets, total size 90519 bytes
2025-07-24 17:04:24,210 - INFO - Sent start of frame 413, total packets: 66
2025-07-24 17:04:24,290 - INFO - Sent end of frame 413, packet 65/65
2025-07-24 17:04:24,334 - INFO - Frame 414: Sending 66 packets, total size 90985 bytes
2025-07-24 17:04:24,334 - INFO - Sent start of frame 414, total packets: 66
2025-07-24 17:04:24,414 - INFO - Sent end of frame 414, packet 65/65
2025-07-24 17:04:24,461 - INFO - Frame 415: Sending 66 packets, total size 90749 bytes
2025-07-24 17:04:24,462 - INFO - Sent start of frame 415, total packets: 66
2025-07-24 17:04:24,543 - INFO - Sent end of frame 415, packet 65/65
2025-07-24 17:04:24,587 - INFO - Frame 416: Sending 67 packets, total size 92054 bytes
2025-07-24 17:04:24,587 - INFO - Sent start of frame 416, total packets: 67
2025-07-24 17:04:24,668 - INFO - Sent end of frame 416, packet 66/66
2025-07-24 17:04:24,710 - INFO - Frame 417: Sending 65 packets, total size 90160 bytes
2025-07-24 17:04:24,710 - INFO - Sent start of frame 417, total packets: 65
2025-07-24 17:04:24,787 - INFO - Sent end of frame 417, packet 64/64
2025-07-24 17:04:24,828 - INFO - Frame 418: Sending 66 packets, total size 90468 bytes
2025-07-24 17:04:24,828 - INFO - Sent start of frame 418, total packets: 66
2025-07-24 17:04:24,906 - INFO - Sent end of frame 418, packet 65/65
2025-07-24 17:04:24,950 - INFO - Frame 419: Sending 65 packets, total size 90091 bytes
2025-07-24 17:04:24,950 - INFO - Sent start of frame 419, total packets: 65
2025-07-24 17:04:25,029 - INFO - Sent end of frame 419, packet 64/64
2025-07-24 17:04:25,072 - INFO - Frame 420: Sending 66 packets, total size 91247 bytes
2025-07-24 17:04:25,072 - INFO - Sent start of frame 420, total packets: 66
2025-07-24 17:04:25,147 - INFO - Sent end of frame 420, packet 65/65
2025-07-24 17:04:25,191 - INFO - Frame 421: Sending 65 packets, total size 89557 bytes
2025-07-24 17:04:25,191 - INFO - Sent start of frame 421, total packets: 65
2025-07-24 17:04:25,262 - INFO - Sent end of frame 421, packet 64/64
2025-07-24 17:04:25,303 - INFO - Frame 422: Sending 65 packets, total size 90040 bytes
2025-07-24 17:04:25,303 - INFO - Sent start of frame 422, total packets: 65
2025-07-24 17:04:25,376 - INFO - Sent end of frame 422, packet 64/64
2025-07-24 17:04:25,419 - INFO - Frame 423: Sending 65 packets, total size 89814 bytes
2025-07-24 17:04:25,419 - INFO - Sent start of frame 423, total packets: 65
2025-07-24 17:04:25,493 - INFO - Sent end of frame 423, packet 64/64
2025-07-24 17:04:25,536 - INFO - Frame 424: Sending 66 packets, total size 91378 bytes
2025-07-24 17:04:25,537 - INFO - Sent start of frame 424, total packets: 66
2025-07-24 17:04:25,599 - INFO - 
Stopping video sender...
2025-07-24 17:04:25,612 - INFO - Sender stopped
2025-07-24 17:04:40,505 - INFO - === Starting new sender session ===
2025-07-24 17:04:40,505 - INFO - Starting video sender...
2025-07-24 17:04:40,505 - INFO - Streaming test_video.mp4 to 127.0.0.1:5005
2025-07-24 17:04:40,505 - INFO - Press Ctrl+C to stop
2025-07-24 17:04:40,506 - ERROR - Error: Video file not found at test_video.mp4
